user_id,user_lat,user_lng,interests,time_preference,location_preference,budget_type,gender,mbti
1,37.44680559213273,126.86239780813447,"맛집, 취미활동, 스포츠, 소셜",evening,indoor,value,M,ESTP
2,37.4002336297523,127.19688462371649,"스포츠, 카페, 소셜, 문화예술",morning,indoor,medium,F,ESFJ
3,37.48764339456056,126.94654473731748,"소셜, 문화예술",afternoon,indoor,medium,F,ISFP
4,37.45115723710619,126.8260206371941,"맛집, 소셜, 스터디, 취미활동",night,outdoor,medium,F,ESFP
5,37.43661147045344,126.99807076404451,"소셜, 문화예술, 카페",evening,indoor,value,M,ENFP
6,37.69087538832937,127.11005312934444,"카페, 스포츠, 스터디",afternoon,indoor,high,M,ENTJ
7,37.65336015460345,127.09892804405496,"스터디, 카페, 맛집, 스포츠",evening,outdoor,value,M,ENFP
8,37.52702044421192,126.95795260727024,"맛집, 카페",night,indoor,high,F,ESTP
9,37.50753971856328,126.84634762381005,"문화예술, 맛집",evening,outdoor,value,F,INFJ
10,37.56837302775431,126.95317074990152,"문화예술, 스포츠",evening,outdoor,medium,F,INTJ
11,37.433267246243545,126.9757346007463,"맛집, 문화예술, 스터디",evening,indoor,medium,M,ENFJ
12,37.5619523273905,126.88122448989392,"맛집, 스포츠",morning,indoor,value,N,INFJ
13,37.43164827794908,126.98261382819317,"카페, 소셜, 스터디",night,indoor,high,F,INFP
14,37.48163967481539,127.05907604821654,"취미활동, 스터디, 소셜, 카페",morning,outdoor,high,M,ESFP
15,37.4359596102001,126.93504606856143,"문화예술, 소셜, 스터디, 맛집",evening,indoor,value,M,INFP
16,37.54917455176771,126.92035132392672,"카페, 스터디",morning,outdoor,value,M,ENFP
17,37.47186856720009,126.85795794883649,"소셜, 카페, 스포츠",night,indoor,medium,M,ISTJ
18,37.51033493981578,127.05292233223744,"소셜, 맛집, 스터디, 스포츠",afternoon,indoor,high,F,INTP
19,37.57726788295648,127.07102574473691,"취미활동, 스터디",evening,outdoor,high,M,ISTJ
20,37.6513130317722,127.0702760468157,"스터디, 맛집, 카페, 소셜",morning,indoor,high,M,ESFJ
21,37.56656024347984,127.0118602313424,"스포츠, 취미활동, 소셜",afternoon,outdoor,premium,F,ESTP
22,37.61778670366108,127.15884410398104,"맛집, 문화예술",night,indoor,high,M,ESTJ
23,37.43044146285981,127.06540070764322,"소셜, 스터디, 카페, 맛집",morning,indoor,value,M,ISFJ
24,37.47117472624904,126.93015987926373,"소셜, 맛집, 문화예술",night,indoor,medium,M,ISTJ
25,37.47956071030452,126.89759585735165,"취미활동, 맛집, 스터디, 카페",afternoon,outdoor,value,M,ISTP
26,37.60067721789893,127.14566702602876,"소셜, 문화예술, 스포츠, 취미활동",night,outdoor,value,F,ISFJ
27,37.48386810253903,127.1533976089065,"카페, 취미활동, 맛집, 스터디",night,indoor,high,M,ESTP
28,37.48833466762088,126.95403909144076,"소셜, 맛집",evening,indoor,value,F,ESFP
29,37.46267561528461,127.06845740672962,"소셜, 문화예술, 스터디",evening,indoor,medium,F,ISFJ
30,37.50784734536592,126.9174367377058,"문화예술, 소셜, 카페",evening,indoor,value,M,ESFP
31,37.59498917923333,127.08078675090309,"카페, 취미활동",night,indoor,high,F,ENFJ
32,37.41078268213902,126.98623920725298,"스터디, 스포츠, 카페, 소셜",evening,outdoor,high,M,INTJ
33,37.50805719242338,126.85082420506076,"카페, 소셜, 스터디",morning,outdoor,value,M,ENFJ
34,37.60985366323016,126.85534123696712,"카페, 스포츠",night,outdoor,medium,F,ISFJ
35,37.475258158204,126.87373346973254,"스터디, 취미활동, 맛집",afternoon,outdoor,medium,N,INFJ
36,37.47193620774722,126.83754931603252,"문화예술, 스터디",morning,outdoor,value,F,INFP
37,37.56981116314822,126.863458579057,"스포츠, 맛집",afternoon,indoor,low,M,ISFJ
38,37.54748476253505,126.98938870831222,"스터디, 카페",morning,indoor,medium,M,ENFJ
39,37.51238378438794,127.0503439662857,"스포츠, 카페, 소셜",afternoon,indoor,medium,F,ISFP
40,37.572642253362766,126.9552679704826,"스터디, 취미활동",night,indoor,high,M,ESTP
41,37.67160519258682,126.87831645391572,"소셜, 맛집, 취미활동, 스포츠",morning,indoor,value,M,INFJ
42,37.49569268908813,127.1379501243878,"문화예술, 취미활동",afternoon,indoor,value,F,ENFJ
43,37.66324160405812,127.09402841752156,"소셜, 카페, 스포츠, 취미활동",morning,outdoor,medium,M,ISTJ
44,37.6329238882226,126.9363214161012,"문화예술, 스터디",afternoon,indoor,value,F,ENTJ
45,37.56029824205917,126.99862447627324,"소셜, 문화예술, 맛집, 취미활동",morning,indoor,high,M,ESFP
46,37.506471557138816,127.1827203540506,"취미활동, 맛집",evening,outdoor,medium,F,ENFP
47,37.60175553682311,127.10094981177508,"취미활동, 맛집, 스포츠, 문화예술",evening,outdoor,low,M,INTP
48,37.5637747310495,127.08233259355148,"스터디, 문화예술",evening,indoor,medium,F,ESTJ
49,37.64655801778711,127.0824968908626,"카페, 스포츠",morning,indoor,value,F,ENFJ
50,37.69580031914686,127.10135127410358,"맛집, 스터디",afternoon,outdoor,value,M,ISTP
51,37.53033555334648,126.90147286954924,"문화예술, 스포츠, 취미활동",afternoon,indoor,low,N,INTP
52,37.68865176454237,126.94994823180949,"문화예술, 맛집",morning,indoor,medium,F,ESTP
53,37.49680591648328,126.81736031331928,"소셜, 카페",morning,outdoor,low,F,ISFP
54,37.46504273197595,126.91779757873576,"취미활동, 스터디, 소셜, 맛집",morning,outdoor,medium,F,ENTP
55,37.432026819780766,126.93426402591878,"소셜, 취미활동, 스터디, 맛집",afternoon,indoor,value,F,ENFJ
56,37.47798495885628,126.98129633873154,"취미활동, 카페, 스포츠",evening,indoor,value,F,ENTJ
57,37.68215954814062,126.9666556230954,"소셜, 스포츠",morning,outdoor,value,M,INTP
58,37.51293901006341,127.12422133231271,"문화예술, 소셜, 취미활동",night,outdoor,value,M,ESTJ
59,37.419053548877,126.8147287470544,"맛집, 문화예술, 취미활동",evening,indoor,low,M,ISFJ
60,37.673949725677296,127.0340598129302,"소셜, 맛집, 취미활동",morning,outdoor,high,M,ENFJ
61,37.482419539107774,126.88289105960322,"문화예술, 카페",morning,outdoor,medium,M,INTJ
62,37.64941144701875,126.92311089590842,"스포츠, 카페, 문화예술, 스터디",morning,indoor,medium,M,ISFP
63,37.526160733599525,127.11386730557771,"맛집, 스터디, 소셜",afternoon,outdoor,value,F,ESTP
64,37.56644468256267,126.83640083642052,"스포츠, 카페, 소셜",afternoon,indoor,medium,M,ENFP
65,37.63894153270216,126.98373872317846,"스터디, 소셜, 스포츠, 카페",morning,indoor,value,M,ENTJ
66,37.59002025629502,126.89605824751128,"카페, 문화예술",evening,indoor,value,F,ESFJ
67,37.66229528145633,127.00609442194568,"맛집, 소셜, 스포츠, 스터디",night,indoor,low,M,ESFJ
68,37.40954140444555,127.01948612368297,"카페, 스포츠, 취미활동, 문화예술",morning,indoor,value,F,ISTP
69,37.42768717586862,126.99245815762252,"스터디, 문화예술, 카페",afternoon,indoor,high,M,INTP
70,37.6244779071151,126.87380840774254,"카페, 소셜, 취미활동, 문화예술",evening,indoor,high,N,ENTJ
71,37.44432172757187,126.853246771435,"취미활동, 카페, 스터디",evening,outdoor,medium,F,INFJ
72,37.51914914975122,126.841947666613,"카페, 스포츠, 소셜, 취미활동",evening,indoor,low,M,ESTJ
73,37.50287805928348,126.98958797657222,"문화예술, 카페",afternoon,outdoor,value,M,ENFP
74,37.43827409083867,126.91351036231949,"소셜, 스터디, 스포츠, 카페",afternoon,outdoor,medium,F,ISFJ
75,37.43053474178612,126.86114365567371,"맛집, 소셜, 문화예술, 스포츠",evening,indoor,high,F,ENFJ
76,37.40547274442851,127.07878458494658,"맛집, 스터디, 문화예술",night,indoor,value,F,ENFJ
77,37.64625844194601,127.08738290833462,"카페, 스터디, 소셜, 맛집",evening,indoor,value,F,ESFJ
78,37.472722919724525,126.84593472989567,"스터디, 소셜",afternoon,outdoor,low,M,ENFJ
79,37.51076914445297,126.98170718888764,"맛집, 스포츠, 취미활동",morning,indoor,premium,M,ESTP
80,37.62806835796691,127.03825549624314,"소셜, 취미활동",night,outdoor,medium,M,ENFP
81,37.67988142012999,127.19637179058296,"소셜, 카페, 맛집, 취미활동",afternoon,indoor,low,F,INTJ
82,37.63986113927586,127.13005307067712,"취미활동, 맛집, 소셜",morning,outdoor,medium,F,ENTP
83,37.60489461902514,126.9807794405196,"카페, 소셜, 맛집",night,indoor,value,M,ISTP
84,37.515167366411966,127.0174211444456,"맛집, 카페, 문화예술",night,indoor,medium,M,INFP
85,37.45001922799801,127.15145164614938,"스포츠, 스터디, 맛집",morning,indoor,high,M,ISTJ
86,37.6231838877718,126.81341297389432,"맛집, 카페",afternoon,outdoor,value,M,ISTP
87,37.53710006578451,127.041583148829,"소셜, 맛집, 문화예술",evening,outdoor,low,F,INTP
88,37.57953281036157,127.0262033389292,"취미활동, 스포츠, 카페, 맛집",afternoon,indoor,value,F,INTJ
89,37.67355572265289,126.85564647765722,"스포츠, 문화예술, 카페, 스터디",afternoon,outdoor,low,F,ESFP
90,37.40690678143629,127.0605468843953,"카페, 맛집, 스포츠, 스터디",morning,indoor,medium,M,ISTP
91,37.43684323455372,126.89436241383802,"문화예술, 취미활동, 소셜",afternoon,outdoor,low,M,ISFJ
92,37.51379170951567,127.09769986073732,"맛집, 소셜",afternoon,outdoor,low,F,ESFJ
93,37.503903798309786,126.93878128075848,"스터디, 취미활동",afternoon,outdoor,medium,F,ISFP
94,37.44965399522839,126.81355166409864,"소셜, 스터디, 스포츠, 맛집",morning,indoor,medium,F,INTP
95,37.69266239470483,126.9835955952068,"스터디, 카페, 취미활동",night,indoor,low,F,ENFJ
96,37.46297167792868,127.15922171577628,"문화예술, 취미활동",night,indoor,medium,F,ENTJ
97,37.535986650424405,127.00975610773104,"소셜, 문화예술",night,indoor,value,F,ISFJ
98,37.68383463864009,126.9493237265119,"맛집, 카페, 스터디, 취미활동",afternoon,outdoor,medium,M,INTP
99,37.40812879775105,126.88878886477318,"취미활동, 스터디",night,indoor,medium,M,ISFP
100,37.47145483431402,126.83977655710372,"문화예술, 맛집, 소셜",night,outdoor,medium,M,ESTJ
101,37.521917692482056,126.92959602444272,"소셜, 스터디, 맛집",afternoon,indoor,low,M,ENFJ
102,37.61118384054156,127.16424960141612,"문화예술, 맛집, 스포츠, 취미활동",morning,indoor,value,F,ISTP
103,37.6321503569604,126.94510315786638,"소셜, 맛집, 스터디",morning,indoor,high,M,ISTP
104,37.541319635808144,126.87284285552865,"취미활동, 소셜, 카페",afternoon,indoor,value,F,INTP
105,37.52651118036599,126.85291048445012,"카페, 소셜, 문화예술",morning,indoor,value,F,ESFP
106,37.42015261997472,126.96209923521108,"카페, 문화예술, 스포츠, 소셜",afternoon,outdoor,value,M,ESFP
107,37.61965537353772,126.90029226422465,"문화예술, 맛집, 소셜",morning,outdoor,low,M,ENTJ
108,37.526610817865205,126.9415485506245,"소셜, 카페",afternoon,outdoor,low,F,ESTJ
109,37.67465410318758,127.08861314444876,"스포츠, 소셜, 문화예술, 카페",night,indoor,value,M,ENFJ
110,37.409354940518384,126.90490561771992,"카페, 맛집, 스포츠, 문화예술",evening,outdoor,high,M,ISFP
111,37.43197947594013,126.83005511269432,"문화예술, 취미활동, 소셜, 스포츠",morning,indoor,medium,M,ENTP
112,37.60840894125633,126.90885805489198,"스터디, 문화예술, 소셜",afternoon,indoor,value,M,ISTP
113,37.53380173188739,126.87405317153544,"소셜, 문화예술, 맛집, 취미활동",afternoon,outdoor,medium,F,ISFP
114,37.47490040265775,126.99576998545726,"취미활동, 카페, 문화예술, 맛집",evening,outdoor,low,F,INTJ
115,37.5419630354244,126.92514194260224,"문화예술, 스터디, 취미활동",evening,outdoor,value,F,ISTP
116,37.65336481956052,126.9276401892973,"스포츠, 문화예술, 취미활동",afternoon,outdoor,medium,F,ISFP
117,37.55907953979048,126.97641286469928,"취미활동, 스포츠, 카페, 맛집",evening,indoor,value,F,INFJ
118,37.66579332447086,127.04634527527293,"카페, 소셜",afternoon,indoor,value,M,ESFJ
119,37.679776972827575,126.82801188229898,"문화예술, 소셜, 맛집",afternoon,indoor,medium,F,ISTJ
120,37.63048202415936,126.96710671286694,"맛집, 소셜",evening,indoor,medium,F,ESFP
121,37.57673256034127,126.91090625827871,"스포츠, 소셜",morning,outdoor,value,F,ENFP
122,37.635903504324666,126.8357644009249,"스터디, 소셜",afternoon,outdoor,high,F,ESFJ
123,37.41949592284487,126.9606320945702,"문화예술, 소셜, 카페, 스포츠",morning,outdoor,medium,M,ESTP
124,37.41101958122798,127.18290810519332,"스터디, 문화예술",night,indoor,low,M,ISTJ
125,37.45216857476584,126.95849680756106,"문화예술, 스터디, 맛집, 카페",afternoon,indoor,premium,M,ISFJ
126,37.41045954807014,127.15796857649114,"맛집, 소셜, 스포츠, 문화예술",morning,indoor,high,M,ISFP
127,37.65565806000411,126.81416894736742,"맛집, 취미활동, 소셜, 스포츠",evening,outdoor,medium,F,ISTJ
128,37.42431386477229,126.88807328077992,"취미활동, 스터디, 소셜, 스포츠",morning,outdoor,premium,F,ESTP
129,37.504342762370655,127.07120646102362,"문화예술, 스포츠, 맛집",evening,outdoor,medium,M,ENFJ
130,37.6511039985091,127.07898858466773,"맛집, 소셜, 취미활동, 스터디",afternoon,indoor,medium,F,ENTP
131,37.66372144406844,126.80205806830187,"문화예술, 취미활동, 스포츠, 맛집",night,indoor,medium,M,INFJ
132,37.47760649920937,126.87725314583491,"취미활동, 카페, 스포츠, 스터디",morning,outdoor,premium,M,INTJ
133,37.43853461542796,126.91333717930624,"취미활동, 카페",evening,indoor,premium,M,ISFP
134,37.45212604259227,127.1083416434164,"취미활동, 카페, 맛집, 스포츠",night,indoor,medium,M,INTJ
135,37.41372261014375,127.14861472246096,"스터디, 카페, 문화예술",night,outdoor,value,F,ENTJ
136,37.406637065458696,126.92944408765982,"맛집, 스포츠, 소셜, 취미활동",evening,outdoor,value,M,ISTP
137,37.5354161072989,126.86544952847666,"스터디, 카페, 문화예술, 스포츠",evening,outdoor,value,F,ISFP
138,37.66041629675969,127.18529466137606,"스터디, 스포츠, 카페",night,indoor,high,F,ENFP
139,37.49358559714854,126.92829709617526,"맛집, 스터디",afternoon,indoor,value,M,ISFP
140,37.44777372148378,126.8814804997105,"소셜, 스터디",morning,outdoor,medium,N,INTP
141,37.67625435434471,127.0466601258083,"스터디, 소셜, 취미활동",afternoon,indoor,low,N,ENTP
142,37.46766204273312,126.86433018763128,"카페, 맛집, 소셜, 스터디",afternoon,indoor,value,M,INTP
143,37.518663525164,127.18987994074828,"취미활동, 카페, 문화예술, 맛집",afternoon,indoor,medium,F,ISFP
144,37.62474849173039,126.85836882961404,"스터디, 맛집",night,outdoor,low,M,INFJ
145,37.40293125422576,126.9305845232976,"스터디, 카페, 맛집",afternoon,indoor,high,M,ISTJ
146,37.43981472621292,127.02701633930462,"카페, 소셜, 취미활동",afternoon,outdoor,high,M,ESFP
147,37.61194271794607,126.81263445793026,"맛집, 스터디, 카페",afternoon,outdoor,medium,F,INTJ
148,37.50183505776284,127.1259300454986,"스포츠, 카페",evening,outdoor,medium,F,INFJ
149,37.55792079828083,127.09263580870213,"스터디, 스포츠, 문화예술",evening,outdoor,medium,M,ISFP
150,37.541054777809,127.09771162623798,"문화예술, 소셜",morning,outdoor,medium,M,ESTP
151,37.69890017481703,127.18991726485872,"소셜, 스포츠, 스터디, 카페",evening,indoor,value,F,ISTJ
152,37.6882341654461,126.96636294645876,"문화예술, 맛집",night,indoor,value,M,ESTP
153,37.57641751342703,126.8117577783026,"취미활동, 스터디, 카페",afternoon,indoor,high,M,INTJ
154,37.67370900368501,126.88426487560228,"스포츠, 스터디, 소셜",morning,indoor,high,F,ISTJ
155,37.58976215996789,126.94913945487558,"소셜, 스포츠",afternoon,indoor,high,N,ENFP
156,37.5544452061789,126.9436933477599,"스터디, 맛집",afternoon,indoor,medium,M,ENTP
157,37.49755701926741,127.10938925027465,"스터디, 취미활동",night,indoor,value,F,ESFJ
158,37.55593218456681,126.9348012705725,"스포츠, 스터디, 문화예술, 취미활동",afternoon,indoor,value,F,ESTJ
159,37.51380757697672,127.04221526305795,"스터디, 카페, 맛집, 소셜",evening,outdoor,value,M,ISFJ
160,37.480924883455096,126.82283474243572,"스터디, 맛집",evening,indoor,low,F,INFJ
161,37.430992687137206,127.03386828017705,"맛집, 문화예술",night,indoor,premium,M,ISTP
162,37.66037548835601,126.98189594225354,"소셜, 문화예술, 스터디, 스포츠",evening,indoor,value,F,INFJ
163,37.61986967550241,126.86495275786493,"스포츠, 카페, 맛집",morning,indoor,medium,F,ESTJ
164,37.68338426584221,127.07329921131586,"소셜, 문화예술, 카페",afternoon,indoor,high,F,ESFJ
165,37.67560333909805,127.04024381701848,"스터디, 맛집, 소셜, 취미활동",evening,outdoor,value,M,INFP
166,37.41446361165816,127.19086967368852,"소셜, 카페",morning,outdoor,medium,F,ENFJ
167,37.629557259366734,127.17026993235228,"소셜, 취미활동",evening,outdoor,medium,M,ENFP
168,37.489060782368085,127.05962986351776,"문화예술, 맛집",morning,indoor,value,M,ESTP
169,37.578945642495626,127.0182747553982,"맛집, 취미활동, 스포츠, 문화예술",evening,indoor,low,M,ISFP
170,37.51393573405377,127.14533345982872,"카페, 스포츠, 문화예술, 스터디",night,outdoor,high,F,ENFP
171,37.5740517107682,127.01344101869076,"스터디, 카페",evening,indoor,medium,F,ESTJ
172,37.45873339570506,126.80302514999126,"소셜, 취미활동, 스포츠",evening,indoor,premium,M,ISFP
173,37.430426248534765,126.99434870367452,"소셜, 취미활동, 맛집, 스포츠",night,indoor,medium,F,ISTP
174,37.61529073577259,126.95996208272166,"스포츠, 스터디",morning,indoor,low,M,INTP
175,37.61271387851673,126.8427507692379,"스터디, 취미활동, 스포츠, 카페",afternoon,indoor,high,F,ISTJ
176,37.43369130332336,126.801033605938,"카페, 맛집, 스터디",afternoon,outdoor,high,M,ENFJ
177,37.65195839086002,127.1600092493592,"카페, 취미활동",night,indoor,value,F,ENTP
178,37.4286605941504,127.04954372987063,"스터디, 스포츠, 맛집",morning,indoor,low,M,ENTP
179,37.428714366656045,126.80945543441854,"스터디, 취미활동",evening,indoor,value,F,ESTJ
180,37.44253231805813,126.90981610160004,"카페, 소셜, 문화예술, 취미활동",evening,outdoor,value,M,ENFP
181,37.43851828683624,126.84164385975366,"소셜, 맛집, 문화예술",afternoon,indoor,high,M,ENTP
182,37.49701146863465,126.8906625608908,"맛집, 소셜",morning,outdoor,value,M,ISTP
183,37.66402372626844,127.06035094761889,"취미활동, 맛집, 스포츠",afternoon,indoor,value,F,ESTP
184,37.69864414721128,126.97854094047904,"카페, 스포츠, 스터디",night,indoor,medium,F,INFP
185,37.526806734018855,127.12872257756044,"취미활동, 문화예술",night,indoor,medium,M,INFJ
186,37.621154067502175,127.1074399219154,"소셜, 스포츠, 맛집, 카페",morning,outdoor,medium,F,ENTJ
187,37.61262340932289,126.81446415220992,"문화예술, 카페, 소셜",morning,indoor,value,F,ISTP
188,37.491657293197406,126.95879260682972,"취미활동, 소셜",evening,outdoor,high,F,ISFP
189,37.65542748732353,126.88340420574292,"스포츠, 문화예술, 맛집",evening,indoor,medium,F,ISFJ
190,37.442383414782654,126.8847929963609,"스포츠, 소셜",afternoon,indoor,value,M,ESTJ
191,37.571912428679255,127.1730922961905,"스포츠, 스터디, 문화예술",afternoon,indoor,high,M,INTP
192,37.519598908331695,126.8585495968649,"맛집, 소셜, 카페, 문화예술",morning,indoor,value,F,ISTJ
193,37.55184255885207,126.97580467545316,"맛집, 카페",night,outdoor,low,F,ISFJ
194,37.4184048881332,127.11230463442736,"소셜, 스포츠, 스터디, 카페",afternoon,indoor,value,F,ISTJ
195,37.43641548182673,126.92131005902704,"맛집, 문화예술, 소셜",evening,indoor,medium,M,INTJ
196,37.49187608623598,127.04955833451666,"취미활동, 맛집",night,outdoor,medium,M,ISFJ
197,37.52423892575868,127.13101515822676,"맛집, 스포츠",morning,indoor,premium,F,ENTJ
198,37.47794396262351,127.10411592924883,"문화예술, 스터디, 소셜, 스포츠",afternoon,indoor,medium,F,ENFP
199,37.6404611335649,127.18383065772842,"소셜, 카페",night,indoor,value,F,INFP
200,37.546472341106536,126.86001946587758,"맛집, 스포츠, 카페, 취미활동",night,indoor,medium,F,INFJ
201,37.63550496315112,127.1568338755761,"취미활동, 카페, 맛집, 소셜",morning,indoor,medium,F,INFJ
202,37.65226147382778,126.81537053958492,"취미활동, 카페",night,outdoor,high,M,INFP
203,37.53518589701893,127.15298377618244,"문화예술, 소셜, 스터디, 취미활동",morning,outdoor,medium,M,ESTP
204,37.42137701832958,126.80484339009396,"맛집, 소셜",morning,indoor,value,F,ENFJ
205,37.598411183321126,126.87407822714698,"맛집, 스포츠, 스터디, 소셜",evening,indoor,medium,F,INTJ
206,37.63076694435144,127.0498654275417,"스터디, 소셜, 카페",afternoon,outdoor,low,M,ISTJ
207,37.543476588372776,127.15832583894876,"카페, 맛집, 소셜",afternoon,outdoor,value,M,ENTJ
208,37.64353093642704,127.0625914429326,"스포츠, 맛집, 카페",evening,indoor,low,F,ENTP
209,37.531821496908336,127.0451758329978,"스터디, 맛집, 카페",afternoon,indoor,high,M,ISFJ
210,37.49507674320349,127.15170746399912,"소셜, 문화예술, 맛집, 카페",night,outdoor,value,M,INTJ
211,37.56350807566909,127.1938678958098,"스포츠, 맛집",afternoon,indoor,medium,F,ISTP
212,37.54651823901949,126.86027044308396,"취미활동, 스포츠, 맛집",night,outdoor,medium,F,ESTJ
213,37.661996874758245,127.0545165415917,"문화예술, 맛집",night,indoor,low,F,ISFJ
214,37.429753429876165,126.96059772634452,"취미활동, 맛집, 소셜",afternoon,outdoor,value,M,ENTJ
215,37.63513753534562,127.0216906056528,"스터디, 문화예술",afternoon,outdoor,high,F,INTP
216,37.60351364685654,127.10250586315658,"문화예술, 카페",evening,indoor,high,M,INTP
217,37.465162729307366,126.85512915966368,"스포츠, 카페",afternoon,indoor,medium,M,ISFP
218,37.42789719194694,127.03528090677936,"소셜, 카페",night,indoor,medium,F,INTJ
219,37.60294038116791,127.1219955998723,"스포츠, 카페",evening,indoor,value,F,ENFP
220,37.61230428042228,127.11544598586896,"스포츠, 소셜, 맛집, 문화예술",night,indoor,value,F,ENTJ
221,37.418762668069206,127.1205467663278,"스터디, 문화예술, 카페",evening,outdoor,high,F,ESFP
222,37.60577338131496,127.19645057272852,"맛집, 취미활동",night,indoor,medium,F,ENTJ
223,37.40785901255962,126.80967670555654,"카페, 소셜",afternoon,indoor,medium,M,INFP
224,37.52889704382168,127.14909210019384,"문화예술, 스포츠, 맛집, 취미활동",morning,indoor,value,M,ISTP
225,37.41495260833488,127.16156533210416,"스포츠, 카페",evening,indoor,medium,M,ENFP
226,37.67678691742634,126.9888241736788,"맛집, 카페, 소셜",morning,indoor,low,M,ISTP
227,37.692450395834335,126.948482837556,"스포츠, 소셜, 맛집",evening,indoor,medium,N,ESTP
228,37.568597854240046,126.93836817900068,"스포츠, 소셜",afternoon,indoor,value,M,ISTJ
229,37.68104673860993,126.8209031517144,"스포츠, 취미활동, 스터디, 문화예술",night,outdoor,medium,F,ISTJ
230,37.45942928982792,127.02613210182864,"취미활동, 문화예술",evening,indoor,high,F,ENTP
231,37.52539698016115,126.83553609803502,"카페, 문화예술",afternoon,indoor,medium,F,ISFP
232,37.63750999653601,127.01953546268804,"소셜, 스포츠",afternoon,indoor,value,F,INFJ
233,37.4648271359556,126.83902500409572,"스포츠, 카페",night,indoor,medium,F,INTP
234,37.41558697326628,127.1145112797536,"스터디, 스포츠, 맛집",night,indoor,high,F,ESTJ
235,37.437876134837786,127.0638517465579,"스포츠, 스터디, 카페",night,outdoor,value,M,ISTJ
236,37.41956137737815,126.98557255072494,"취미활동, 스터디",night,indoor,value,F,ENFP
237,37.6326835552776,127.18579066156032,"소셜, 스터디, 맛집, 카페",night,indoor,low,M,ENTJ
238,37.51879114179874,127.16603602736282,"맛집, 스포츠",night,indoor,value,M,ESTJ
239,37.48307134621334,127.19340858908608,"취미활동, 소셜, 스터디",morning,indoor,low,F,ESFJ
240,37.69032676313102,127.14274957443004,"스포츠, 취미활동",morning,outdoor,medium,M,ISTP
241,37.49690335951586,127.19883126283268,"카페, 문화예술",afternoon,indoor,low,F,ISTJ
242,37.66707741590535,126.8317626338572,"소셜, 맛집, 문화예술, 취미활동",morning,outdoor,value,F,ENTJ
243,37.49430503395512,126.98846715957312,"스포츠, 소셜",evening,outdoor,value,F,ISTJ
244,37.47330198223594,126.84517728336446,"스포츠, 소셜, 맛집",afternoon,indoor,value,M,INTP
245,37.53065163631945,127.03089989230745,"문화예술, 소셜, 취미활동",morning,outdoor,value,M,ESFJ
246,37.43190311787673,126.9259678354452,"취미활동, 맛집, 스터디, 문화예술",night,indoor,low,F,ISFJ
247,37.42312340358544,126.93615203706666,"맛집, 스터디",afternoon,indoor,value,M,ISTJ
248,37.627774619918256,127.16144313773871,"취미활동, 맛집, 문화예술, 소셜",morning,outdoor,medium,N,ESTP
249,37.40005651986697,126.8676324281424,"스터디, 문화예술",afternoon,indoor,value,N,ENFP
250,37.54372101893101,126.80720003557808,"스포츠, 문화예술",night,outdoor,high,F,ISTJ
251,37.62618857107904,127.12196271073658,"문화예술, 소셜, 스터디, 맛집",night,outdoor,medium,M,INFJ
252,37.53495266239177,126.88737727315332,"맛집, 스터디",morning,indoor,low,M,ESTJ
253,37.42227226189652,126.8905405977366,"카페, 스터디, 맛집",afternoon,outdoor,low,F,ESTJ
254,37.42369074865725,126.8958040679638,"맛집, 취미활동, 카페",morning,indoor,value,M,INTP
255,37.475692174951824,126.88809012055091,"소셜, 문화예술, 스포츠, 카페",night,indoor,low,M,ENFP
256,37.68674734511623,126.81005678331093,"취미활동, 스터디",evening,indoor,value,F,ESFJ
257,37.58212687361563,127.0525230212368,"스터디, 문화예술, 취미활동",night,outdoor,medium,F,ESTP
258,37.54630012058638,127.0608897038182,"스포츠, 카페, 맛집, 스터디",afternoon,indoor,value,F,INFP
259,37.54174800650196,126.81825949820094,"문화예술, 카페",night,indoor,value,F,ENFP
260,37.53424044239674,126.9897153681725,"문화예술, 취미활동",morning,indoor,low,M,ESTJ
261,37.53885558650475,126.97541539541496,"스터디, 맛집, 소셜",night,indoor,value,F,INFJ
262,37.43415151804298,126.93808925712068,"맛집, 카페, 문화예술",evening,indoor,low,N,ESFP
263,37.44956118180136,126.95594894117662,"문화예술, 맛집, 스터디, 스포츠",evening,indoor,high,M,ISFJ
264,37.61552876894562,127.18161325103402,"맛집, 카페",morning,indoor,medium,F,INTP
265,37.43434629141977,126.953535553218,"소셜, 문화예술, 맛집, 카페",evening,outdoor,low,F,INFP
266,37.5064313875508,127.17669028464758,"카페, 취미활동, 맛집, 스터디",evening,outdoor,medium,F,INFJ
267,37.67398608427288,127.04502938733792,"소셜, 스포츠, 문화예술, 취미활동",night,indoor,medium,F,ESFJ
268,37.64600378873581,127.0779529494704,"스포츠, 취미활동",night,indoor,value,F,ESFP
269,37.46481540950351,126.98664311387888,"카페, 문화예술",night,outdoor,high,M,ISTP
270,37.56276031055968,127.14469699796732,"취미활동, 스터디, 스포츠",afternoon,indoor,medium,M,ESFJ
271,37.429662085292186,127.15586081320704,"맛집, 스터디, 스포츠, 소셜",night,indoor,medium,F,INFJ
272,37.4134335351514,127.10476272805296,"스터디, 취미활동",evening,indoor,low,F,ISTP
273,37.52288866846857,126.92448699802536,"맛집, 스포츠, 소셜",afternoon,outdoor,medium,F,INTJ
274,37.46854602402643,127.19098084719614,"카페, 취미활동, 맛집",evening,outdoor,value,F,INTP
275,37.51863028039787,126.92528250442808,"스포츠, 맛집, 스터디, 문화예술",morning,indoor,value,F,ENFP
276,37.66652110169261,127.04117715059178,"문화예술, 카페",night,indoor,low,F,ISTP
277,37.50211613127635,127.01656304293904,"카페, 맛집, 스터디, 스포츠",morning,indoor,medium,F,ESFP
278,37.490699974805445,126.90373395892684,"맛집, 스포츠",evening,indoor,medium,F,ISFP
279,37.50418311170915,127.03218704039747,"스포츠, 맛집, 취미활동, 카페",night,outdoor,low,F,ISTP
280,37.66409442864468,127.04936238326378,"맛집, 스터디, 취미활동",morning,outdoor,value,F,ENTJ
281,37.67208284265045,126.85294895161398,"카페, 맛집, 취미활동, 스포츠",evening,outdoor,medium,F,ISFJ
282,37.437446244190056,127.11768426501976,"취미활동, 스포츠",night,indoor,low,M,ENTJ
283,37.49073424348681,126.99656727101144,"스터디, 소셜, 문화예술",evening,indoor,medium,M,ENFP
284,37.65967314368737,127.19229573743335,"문화예술, 스터디, 맛집, 취미활동",afternoon,indoor,medium,M,ENFP
285,37.417841470660186,126.80126713943228,"맛집, 스포츠, 취미활동, 소셜",morning,outdoor,high,F,INTP
286,37.69145991271718,126.88829819538113,"맛집, 문화예술, 스포츠, 스터디",evening,indoor,value,M,ENFP
287,37.58976323298975,127.05778811084842,"스포츠, 스터디",night,outdoor,value,M,ESTJ
288,37.698394592468006,126.83592486171312,"소셜, 문화예술, 맛집",afternoon,indoor,medium,F,ISTP
289,37.597562154701016,127.10644637311825,"카페, 맛집",night,outdoor,low,M,ISTP
290,37.49184120226388,127.01965213451086,"소셜, 스터디, 카페, 취미활동",afternoon,outdoor,high,F,INTJ
291,37.60452459322705,126.8451726570744,"스포츠, 문화예술, 맛집",afternoon,outdoor,medium,M,INFP
292,37.46971529691682,126.91240179956348,"취미활동, 스포츠, 카페",night,indoor,low,M,ENFP
293,37.4678086993448,127.05619041687034,"맛집, 문화예술, 스포츠, 소셜",morning,indoor,value,F,ENTJ
294,37.53480492261189,127.0343459153814,"스터디, 맛집, 문화예술, 카페",night,indoor,medium,M,ESFP
295,37.48699103568308,127.02531557238152,"카페, 스터디, 스포츠",night,indoor,medium,M,ENFP
296,37.41629961044687,127.09945809365048,"카페, 스포츠, 소셜",evening,indoor,low,F,ESFJ
297,37.40114597679757,126.89872954768076,"스터디, 문화예술",morning,indoor,high,F,INTJ
298,37.49400437527554,127.1155729887104,"문화예술, 맛집",evening,outdoor,value,M,ESTJ
299,37.54814421213708,126.95505952218224,"취미활동, 소셜, 맛집",evening,outdoor,medium,F,ESTJ
300,37.68981425153861,127.10441511610033,"맛집, 문화예술, 스포츠, 카페",morning,outdoor,high,M,ESFP
301,37.43144241949927,126.99942831980228,"취미활동, 맛집",evening,indoor,value,M,ISTJ
302,37.657687005626194,126.87440920000226,"스터디, 소셜, 스포츠, 문화예술",morning,outdoor,high,F,ISTP
303,37.638872178668855,127.10160921397136,"스터디, 소셜",morning,indoor,low,F,ESTJ
304,37.41565958871349,127.07287755225065,"스포츠, 스터디, 취미활동, 소셜",afternoon,indoor,high,F,ISTP
305,37.554758570813696,126.9070370706912,"문화예술, 소셜, 맛집, 취미활동",morning,outdoor,value,F,ISTJ
306,37.40942654645338,127.09448017002433,"스터디, 카페, 소셜",afternoon,indoor,medium,N,INFJ
307,37.62869270960658,126.98196755580304,"취미활동, 소셜",night,outdoor,medium,F,ISFJ
308,37.642146661209466,126.84808289164825,"소셜, 스포츠, 취미활동",afternoon,indoor,value,M,ENTP
309,37.40040608771464,126.9199202110261,"스터디, 카페",night,indoor,high,F,ESTP
310,37.537398727701074,126.9592021171818,"문화예술, 맛집, 스터디, 취미활동",night,outdoor,medium,M,ESTJ
311,37.54214294851938,126.82313777977886,"스터디, 취미활동",afternoon,outdoor,value,M,INFP
312,37.45874992524029,126.85632117955709,"취미활동, 맛집, 소셜",afternoon,outdoor,value,M,ESFJ
313,37.60223908866082,126.90396199169712,"맛집, 스포츠, 소셜, 문화예술",morning,outdoor,value,M,ENFJ
314,37.44419091328369,126.80313663630876,"스터디, 카페, 소셜",night,indoor,low,N,INFJ
315,37.550181071346415,127.07184813309404,"스포츠, 문화예술",morning,outdoor,high,F,ESTJ
316,37.4131699827929,126.86629991192808,"문화예술, 카페, 스포츠",morning,indoor,high,F,ISTP
317,37.47259313909511,127.18425079020528,"문화예술, 소셜",night,outdoor,value,M,ISFJ
318,37.53109876569969,127.03742437415151,"소셜, 스터디, 카페, 문화예술",evening,indoor,low,M,ISTJ
319,37.68311047784607,127.18405424176218,"맛집, 취미활동, 스터디",morning,outdoor,premium,M,ENTJ
320,37.53747039511785,127.11253953624576,"스터디, 스포츠",night,indoor,medium,M,ESTP
321,37.67785822052954,126.89147071184144,"카페, 소셜, 취미활동",evening,indoor,high,F,ENFJ
322,37.5442670439809,127.06497360468045,"맛집, 문화예술, 스포츠",afternoon,outdoor,low,F,ISFJ
323,37.54446480208276,127.0541774582638,"취미활동, 스터디, 문화예술, 스포츠",night,outdoor,high,F,ISFJ
324,37.69773268681244,126.9545292692306,"취미활동, 문화예술",morning,indoor,medium,M,ESFP
325,37.65194484864366,127.10070886921564,"문화예술, 스터디, 카페",morning,indoor,low,F,ESTJ
326,37.53098425693063,127.03203553386778,"카페, 맛집, 취미활동",evening,indoor,high,F,INFJ
327,37.64694824921266,127.15555496960144,"소셜, 카페",afternoon,indoor,medium,F,ISFP
328,37.420702277783846,127.17631380820124,"스터디, 소셜",morning,indoor,low,F,ENFJ
329,37.50578078177866,127.12991514251112,"카페, 취미활동, 스포츠, 맛집",afternoon,outdoor,medium,M,ESTP
330,37.57712932694681,126.82453238225732,"문화예술, 카페, 스포츠, 맛집",afternoon,indoor,premium,M,INTP
331,37.40044214662589,127.0917379176352,"문화예술, 맛집, 카페, 스포츠",night,indoor,medium,M,ENTP
332,37.66881223989717,127.12721069965548,"소셜, 문화예술, 맛집, 카페",night,outdoor,low,F,INTP
333,37.5627413010388,126.85984057981078,"스터디, 스포츠, 맛집",night,indoor,medium,M,ISFP
334,37.41272668946207,126.90613045502218,"문화예술, 취미활동, 소셜",night,outdoor,medium,M,ISTP
335,37.45162676878858,127.18896799961604,"맛집, 문화예술, 카페, 취미활동",evening,outdoor,medium,M,ISTP
336,37.61869431849674,127.14467636151494,"스터디, 맛집, 문화예술, 소셜",morning,indoor,low,M,ESFJ
337,37.43566231735312,127.10588765659053,"맛집, 카페",night,indoor,high,F,ENFJ
338,37.407558024187765,127.1355989310872,"문화예술, 소셜",night,outdoor,medium,F,INTP
339,37.56392909482336,127.18681411010246,"취미활동, 맛집, 소셜",evening,indoor,value,M,ESFP
340,37.65958872767268,126.86290928327188,"맛집, 스포츠, 문화예술",night,outdoor,value,M,ISTP
341,37.5874622298821,127.0286983932575,"취미활동, 맛집, 소셜",night,outdoor,medium,F,ISFP
342,37.52349663813701,127.1739977727355,"맛집, 취미활동",morning,outdoor,value,M,ESTJ
343,37.60326228365106,126.82884443717175,"스터디, 소셜, 취미활동",afternoon,indoor,high,M,INTJ
344,37.430411869265946,126.91114111043588,"스터디, 스포츠",afternoon,outdoor,high,M,ISTJ
345,37.564335408315,127.19158300281644,"문화예술, 카페, 소셜",morning,outdoor,medium,M,INTJ
346,37.58164480076432,127.00671597565126,"맛집, 스터디",evening,indoor,value,F,ENFP
347,37.451633180846834,127.17020888314076,"스터디, 스포츠, 문화예술",night,indoor,low,F,ESTP
348,37.61113769329715,126.9493039257851,"취미활동, 소셜, 스포츠, 스터디",evening,outdoor,medium,M,INTP
349,37.45222450259343,126.84682641656968,"스터디, 소셜, 맛집",morning,indoor,high,M,ESFJ
350,37.61034187832525,127.0720447541788,"스포츠, 취미활동, 맛집",night,outdoor,value,F,ESFP
351,37.51971059529273,127.13592064266577,"스터디, 맛집, 취미활동, 카페",afternoon,outdoor,value,F,ENFP
352,37.42778764491541,127.0993537398705,"소셜, 문화예술, 스터디",evening,outdoor,high,F,ISTP
353,37.468751585364245,127.01875038635042,"취미활동, 문화예술",morning,indoor,medium,F,ENTJ
354,37.46432194489795,126.9083225312148,"맛집, 소셜, 취미활동, 카페",night,outdoor,value,M,ESFP
355,37.42434475356088,127.18059628407072,"문화예술, 스터디, 소셜",afternoon,outdoor,value,M,INFP
356,37.476007151017896,127.1950638369365,"취미활동, 스포츠, 문화예술, 맛집",night,indoor,value,F,ENTJ
357,37.65955800421935,127.16610287396712,"맛집, 문화예술",morning,outdoor,medium,M,ISFP
358,37.65009294024319,126.99977270794672,"스포츠, 취미활동",afternoon,outdoor,high,F,ENFJ
359,37.49031382335029,127.00105249705206,"문화예술, 스터디, 스포츠",morning,indoor,low,F,ISFJ
360,37.44784767876241,126.8641850457085,"취미활동, 스터디, 문화예술, 소셜",morning,outdoor,high,F,ISTJ
361,37.64175335978536,126.80318576189818,"맛집, 스포츠, 문화예술",night,indoor,medium,M,ESFP
362,37.66179074076405,127.13124673160254,"소셜, 문화예술, 맛집, 카페",afternoon,outdoor,premium,F,INTP
363,37.6628958299427,126.84102718503344,"취미활동, 문화예술, 카페",morning,indoor,high,M,ESTP
364,37.50343442602179,126.98473739251004,"문화예술, 소셜, 카페, 맛집",afternoon,indoor,medium,F,ESFJ
365,37.46887944822619,126.84702052006008,"스포츠, 카페",morning,outdoor,high,F,ESFJ
366,37.4250663012532,126.8076515865749,"스포츠, 카페",evening,outdoor,high,M,ESTP
367,37.46356829913204,126.92440099789307,"스터디, 스포츠, 소셜",evening,indoor,value,N,ISFP
368,37.52442074809024,127.10154602953476,"맛집, 스포츠, 카페, 스터디",morning,indoor,medium,F,INFJ
369,37.56400557652979,127.03016375491444,"카페, 취미활동, 문화예술, 소셜",morning,indoor,low,M,ISTP
370,37.46187563415084,126.9567437492752,"문화예술, 스포츠",morning,outdoor,medium,M,INFP
371,37.42071377189438,126.98970200839078,"문화예술, 카페, 소셜, 맛집",evening,outdoor,value,M,ENTP
372,37.64641650887021,127.13733046711516,"맛집, 카페, 스터디",evening,indoor,value,M,ENTP
373,37.66476796303171,126.98652390245609,"문화예술, 스포츠, 맛집, 소셜",morning,indoor,medium,M,ESFP
374,37.69041974361523,126.82662589116568,"스터디, 취미활동, 스포츠",morning,outdoor,value,F,ENTP
375,37.41285126653573,126.97855475610528,"맛집, 카페",evening,indoor,value,M,INTP
376,37.50498348185889,127.17171536090484,"스포츠, 맛집, 스터디, 카페",afternoon,indoor,medium,M,ENTP
377,37.56452574889807,126.82658533031052,"카페, 스터디",night,indoor,medium,F,ESTJ
378,37.46217268993066,127.08529434723332,"소셜, 스터디",evening,indoor,low,M,ESFP
379,37.57914659179709,127.06165309481116,"취미활동, 소셜, 카페",night,outdoor,medium,F,INTJ
380,37.48128280949491,126.88090167220982,"스터디, 카페, 취미활동",evening,indoor,medium,M,ESFJ
381,37.56737823354521,127.03386723606631,"스터디, 스포츠, 카페",afternoon,indoor,high,M,INFP
382,37.62446984939957,126.89001675046836,"스터디, 맛집, 문화예술",afternoon,indoor,low,F,INTJ
383,37.41894208787821,127.11071619336288,"스포츠, 맛집, 소셜",evening,outdoor,medium,F,ISFJ
384,37.46516926593591,126.98559605258578,"카페, 취미활동, 스포츠",afternoon,indoor,high,F,INFP
385,37.635131716705175,126.97159397273636,"스포츠, 카페, 맛집, 취미활동",afternoon,outdoor,value,F,INTJ
386,37.573010719657326,126.82690236558696,"문화예술, 스포츠",night,outdoor,high,F,INFP
387,37.53974772596694,127.02846491944896,"문화예술, 스포츠",night,indoor,low,M,ISFJ
388,37.49383339676311,127.06173680219707,"스포츠, 문화예술, 취미활동, 맛집",evening,indoor,low,M,ENFP
389,37.58738421443436,127.14577329874734,"취미활동, 소셜, 스터디",afternoon,indoor,low,F,ESTJ
390,37.51676914150754,126.8915501849934,"스터디, 스포츠",evening,outdoor,value,F,INTP
391,37.69868933284967,127.19244716314718,"맛집, 스포츠, 취미활동",night,outdoor,value,N,INTP
392,37.60243589065023,127.07101264555348,"맛집, 소셜, 스터디",afternoon,indoor,high,M,ISFP
393,37.42094019638439,127.02187508391204,"맛집, 문화예술",morning,outdoor,medium,M,ESFP
394,37.68462331854492,126.82424196308595,"스터디, 소셜, 스포츠, 카페",afternoon,outdoor,medium,F,ESTP
395,37.59170964767448,127.1814140391406,"카페, 스포츠, 스터디, 맛집",morning,indoor,medium,M,ISTP
396,37.61079206175747,126.82661104328434,"스포츠, 스터디, 취미활동",afternoon,indoor,medium,F,ESFJ
397,37.66582803059397,126.87866143398118,"맛집, 문화예술, 스포츠, 스터디",morning,outdoor,high,F,ENTP
398,37.5867891600796,127.18935304766592,"취미활동, 스터디",night,outdoor,medium,M,ESTJ
399,37.65576422637379,127.17518609257355,"맛집, 취미활동, 스포츠",evening,indoor,medium,F,ENTJ
400,37.68271503620068,126.829928482078,"스포츠, 소셜, 스터디, 카페",evening,indoor,premium,F,ENTP
401,37.4061562444188,127.130647338201,"스터디, 취미활동, 소셜",night,indoor,medium,M,ISTP
402,37.42294398664979,127.19469164060034,"스포츠, 스터디",night,indoor,value,F,ESFJ
403,37.55165262811696,126.85763151440528,"스포츠, 소셜, 맛집, 취미활동",evening,indoor,low,F,ENFJ
404,37.48457571287142,126.94552385645638,"문화예술, 스터디, 카페, 취미활동",afternoon,outdoor,medium,F,ISTP
405,37.43790694439435,127.02502208050922,"스터디, 취미활동, 소셜, 카페",night,outdoor,value,M,ESTJ
406,37.5678736563396,127.074815660233,"취미활동, 카페, 스포츠, 문화예술",night,indoor,high,F,INTJ
407,37.4589257647616,127.18057793026524,"취미활동, 스터디, 맛집",morning,indoor,medium,M,INFP
408,37.51165197657407,127.06466690385167,"스포츠, 맛집, 카페",afternoon,indoor,high,M,ESTP
409,37.6477132854682,126.91428302706436,"스터디, 맛집",morning,indoor,medium,F,ESTP
410,37.42610516549084,127.02271396437128,"소셜, 문화예술, 스터디",evening,indoor,value,M,ESFP
411,37.4789742039554,126.80026135630452,"문화예술, 취미활동",evening,outdoor,low,M,ENTJ
412,37.45985159447888,126.91757964040676,"맛집, 카페",night,outdoor,low,F,ESTJ
413,37.53988982388194,127.10423025698212,"취미활동, 문화예술, 스터디",night,outdoor,medium,F,ISFJ
414,37.61243655047019,126.99027512720438,"카페, 소셜, 맛집, 문화예술",evening,indoor,value,F,ENFJ
415,37.55295620286514,127.0005102578503,"스터디, 맛집, 소셜, 취미활동",evening,outdoor,value,F,ISFJ
416,37.53471163037904,126.8949914227009,"맛집, 스터디",evening,indoor,medium,M,INTP
417,37.45995238138458,126.82221001312364,"스터디, 맛집",evening,indoor,medium,M,ISFP
418,37.51619675539259,126.82646607553376,"스포츠, 맛집, 카페",morning,outdoor,value,M,INTP
419,37.68844769737223,127.06714716268031,"맛집, 문화예술",evening,outdoor,medium,F,ISTP
420,37.57988827053798,127.0025321237417,"소셜, 스포츠, 스터디",afternoon,indoor,value,F,ENTP
421,37.50406579290932,126.9742579161826,"소셜, 카페, 스포츠",evening,indoor,value,F,INTJ
422,37.69545372319013,127.1755985688344,"소셜, 카페, 취미활동, 스터디",afternoon,outdoor,low,F,ENTJ
423,37.45681802536545,126.80201062104392,"취미활동, 맛집",afternoon,outdoor,medium,M,ISTP
424,37.41668165650414,126.80275118488784,"문화예술, 스포츠, 맛집",night,outdoor,value,F,ISTJ
425,37.49416342295451,127.0764223250957,"스포츠, 취미활동, 카페, 스터디",morning,indoor,medium,M,ENFJ
426,37.43596732804181,127.09397033895796,"카페, 소셜, 취미활동, 문화예술",morning,indoor,medium,F,ESTP
427,37.44932165872366,126.84663322982227,"스터디, 스포츠, 소셜",morning,indoor,low,M,ENFJ
428,37.66190581820892,127.00925720827888,"스터디, 취미활동, 스포츠, 맛집",night,outdoor,value,F,ISTP
429,37.57305721433981,126.98559267926676,"스터디, 맛집",night,indoor,medium,M,ISTP
430,37.65903971910244,126.8892248246171,"문화예술, 스터디",evening,indoor,medium,M,ESTJ
431,37.4095335453072,127.1128203077055,"카페, 스포츠, 취미활동, 맛집",night,indoor,low,M,ENTP
432,37.4413655808068,127.07550501632454,"맛집, 소셜",afternoon,outdoor,high,F,ESFP
433,37.44681074340199,127.13383638103812,"문화예술, 소셜, 맛집",night,indoor,high,F,INTP
434,37.48272722133238,126.88169870356488,"맛집, 문화예술, 스포츠",night,indoor,high,M,ESTP
435,37.49354064108673,126.8999088649786,"문화예술, 취미활동",evening,outdoor,premium,M,ISFP
436,37.58383875066095,127.17539286328568,"맛집, 소셜",night,outdoor,medium,F,ENTP
437,37.47660091212897,126.84234972728524,"소셜, 카페, 취미활동, 스포츠",night,outdoor,medium,M,INFP
438,37.64819064492118,126.8167660866865,"스포츠, 맛집, 카페",morning,indoor,medium,F,ESTJ
439,37.46613380127363,127.15447270885174,"맛집, 문화예술, 스포츠",night,indoor,value,F,ESTJ
440,37.60323142136849,126.97138316153952,"소셜, 취미활동",night,indoor,high,M,ENTJ
441,37.51371214561491,127.16602429300688,"문화예술, 카페, 소셜, 스포츠",night,indoor,value,M,INTJ
442,37.66530654513673,127.02376217029094,"소셜, 카페, 취미활동",afternoon,indoor,premium,N,ISFP
443,37.6013279471258,127.1221720172184,"소셜, 맛집, 스터디, 카페",afternoon,indoor,value,M,ESFJ
444,37.581058641950335,127.06380239266052,"문화예술, 스포츠, 취미활동, 맛집",morning,indoor,value,M,ENFP
445,37.49216492510638,127.01858341669126,"취미활동, 문화예술",afternoon,outdoor,low,F,ESFJ
446,37.50216345064397,127.12198549215972,"문화예술, 카페, 스터디, 소셜",morning,outdoor,medium,F,ISTP
447,37.68447546133703,126.92184094230969,"소셜, 문화예술, 스포츠",morning,indoor,high,N,INFJ
448,37.517868532667954,126.81146097103104,"취미활동, 문화예술",afternoon,outdoor,medium,F,ESTP
449,37.692140124007146,127.01767946500148,"카페, 취미활동, 스포츠, 스터디",evening,indoor,medium,M,ESFP
450,37.44900099442672,126.88871279127692,"카페, 맛집, 스포츠, 스터디",morning,indoor,high,M,INFJ
451,37.66120653663723,126.833409965872,"스터디, 카페",night,indoor,medium,F,ESTJ
452,37.56582871041008,126.8865002112746,"스포츠, 맛집",morning,outdoor,medium,F,ENTP
453,37.603909165050005,126.82267217286632,"취미활동, 카페",night,indoor,value,M,INFP
454,37.66870698327999,126.91891488171252,"스포츠, 취미활동, 맛집",evening,indoor,medium,F,ENTJ
455,37.41358839308392,127.0625543437539,"스터디, 카페, 맛집, 취미활동",evening,indoor,medium,M,ISTJ
456,37.55138570738231,126.84691205912016,"카페, 소셜",afternoon,outdoor,medium,F,INFJ
457,37.58581699080995,126.9644761903478,"문화예술, 맛집",afternoon,outdoor,medium,M,ENTJ
458,37.566857207789006,127.11180668056964,"맛집, 취미활동, 스포츠",afternoon,indoor,value,M,ESTJ
459,37.46309556688574,127.1061453455432,"맛집, 취미활동",afternoon,outdoor,medium,M,INTJ
460,37.440524043867725,126.86071016394044,"스터디, 스포츠, 문화예술, 취미활동",evening,indoor,medium,M,ISFJ
461,37.46788172900096,127.07694172246175,"카페, 스터디, 스포츠",night,indoor,medium,M,ESFJ
462,37.61041498566791,126.84537632684156,"카페, 문화예술, 스포츠",night,indoor,value,F,INFP
463,37.42447961600145,126.90343663645392,"카페, 스터디, 취미활동",night,indoor,medium,F,ESTP
464,37.689590817089126,126.82016670944088,"취미활동, 스포츠, 스터디, 맛집",night,indoor,low,F,INTP
465,37.67518041997331,126.9626362149438,"스포츠, 카페, 문화예술, 취미활동",night,outdoor,premium,N,ISTP
466,37.60290832036182,127.07185327295804,"카페, 맛집, 스포츠",afternoon,indoor,value,M,ENTJ
467,37.438332395836994,126.97694661324095,"취미활동, 맛집",afternoon,outdoor,value,M,ESFP
468,37.644030344697285,127.16970170984123,"스포츠, 문화예술",afternoon,outdoor,medium,F,INTJ
469,37.40000921565361,127.08485481835224,"취미활동, 스포츠",morning,indoor,low,M,ISTJ
470,37.55433839832197,126.8340225541957,"맛집, 스포츠, 취미활동",morning,indoor,medium,N,ENFP
471,37.49447553337667,126.8386579337151,"맛집, 스터디",evening,outdoor,premium,M,ESFJ
472,37.574814334803406,127.12498952841769,"스포츠, 소셜, 카페, 문화예술",afternoon,indoor,value,N,INTP
473,37.589718876939656,126.8513303448755,"맛집, 스포츠, 카페",evening,indoor,medium,M,ESTP
474,37.427750131381686,127.11213914509608,"스포츠, 취미활동",morning,indoor,value,F,ESFJ
475,37.43241336781292,126.99139642804288,"스포츠, 문화예술, 맛집, 취미활동",evening,indoor,medium,F,ESFP
476,37.47012223761102,127.05510965673824,"맛집, 스포츠, 스터디, 취미활동",evening,outdoor,medium,N,ESTJ
477,37.44617585293487,127.19081267061809,"카페, 스터디, 스포츠, 맛집",night,indoor,medium,M,ENFP
478,37.56693939120465,126.94344863278144,"취미활동, 소셜, 맛집, 스포츠",morning,indoor,medium,F,ESFJ
479,37.68996425496563,127.05124781249744,"카페, 취미활동",night,outdoor,value,N,ISFP
480,37.4953947654021,127.03189246645368,"맛집, 소셜, 스터디, 카페",morning,indoor,low,F,ISTJ
481,37.53552184279443,126.94189142269208,"취미활동, 스터디, 소셜, 맛집",morning,outdoor,value,F,INTJ
482,37.532610026279336,127.05929338752314,"스터디, 스포츠",afternoon,indoor,value,F,ISTP
483,37.543224856844105,127.04072269357818,"카페, 스터디, 문화예술, 소셜",morning,indoor,high,M,INFJ
484,37.62030970294767,126.88353237419784,"소셜, 카페",afternoon,indoor,low,F,ENFP
485,37.6409035644579,127.01611155727495,"취미활동, 맛집, 소셜",evening,outdoor,medium,F,ESTP
486,37.66098134986931,126.94861860452797,"소셜, 스터디",morning,indoor,high,F,ESTJ
487,37.543051663319936,127.05203725074466,"취미활동, 카페, 스터디",afternoon,indoor,value,M,ISFP
488,37.691282074881386,126.87086140928903,"취미활동, 문화예술, 맛집, 카페",afternoon,outdoor,high,M,INTP
489,37.54438338536577,127.12387001450637,"카페, 문화예술, 스포츠, 취미활동",afternoon,outdoor,value,F,ENTP
490,37.50546267801491,127.04415099812734,"취미활동, 맛집, 카페",evening,indoor,low,F,ENFJ
491,37.67166165137867,127.1341490121137,"취미활동, 스포츠, 스터디, 문화예술",evening,outdoor,high,M,ENTJ
492,37.64777969256501,127.0525835170332,"소셜, 카페, 스터디",morning,indoor,low,F,ISTP
493,37.543500644501165,126.80840844269048,"맛집, 스포츠, 카페, 스터디",afternoon,indoor,medium,M,ESFP
494,37.42403171798288,126.97673348192076,"스포츠, 소셜, 문화예술",evening,indoor,medium,M,ESFJ
495,37.685724591798994,127.15342589134808,"스터디, 스포츠",night,outdoor,low,M,INFJ
496,37.56980552746635,127.15121340513778,"스포츠, 맛집, 취미활동, 문화예술",night,indoor,low,M,ENFP
497,37.55746999601775,126.98047727658027,"문화예술, 카페, 스터디, 스포츠",afternoon,outdoor,high,F,ESFJ
498,37.43698513378968,127.0074246754663,"카페, 취미활동",morning,indoor,low,M,ISFJ
499,37.51464184244977,127.02189272131294,"문화예술, 취미활동, 맛집",afternoon,outdoor,low,N,ENTJ
500,37.45312467661918,126.83936967564054,"소셜, 맛집, 취미활동, 스터디",evening,outdoor,medium,N,ENTP
501,37.45370949123247,127.1190056181186,"카페, 맛집, 문화예술, 스포츠",afternoon,indoor,low,F,ISFP
502,37.59423738222367,127.13750201759493,"취미활동, 스포츠, 카페, 맛집",evening,indoor,high,F,ESTP
503,37.69346620055797,126.87235676055155,"맛집, 취미활동, 카페",afternoon,indoor,high,M,ISTJ
504,37.4178851976034,127.0768202212159,"스터디, 맛집, 소셜, 취미활동",afternoon,outdoor,value,F,ISFP
505,37.58984078319845,127.10756801782848,"스포츠, 카페, 소셜",morning,indoor,low,F,ISFP
506,37.52272554459047,126.94175087319444,"소셜, 카페, 스포츠, 문화예술",evening,outdoor,value,M,ENFJ
507,37.44843735021927,126.98869593500736,"문화예술, 스포츠, 소셜, 맛집",evening,indoor,value,F,INTJ
508,37.56916787631662,126.90446497300434,"스포츠, 문화예술, 스터디, 취미활동",morning,outdoor,value,F,ISFP
509,37.47839990536561,126.96763978916684,"문화예술, 소셜",morning,outdoor,low,F,ESFJ
510,37.4273926407634,126.9274758415962,"스터디, 소셜, 문화예술",afternoon,outdoor,low,F,ENTP
511,37.52220965726385,127.00855080858948,"취미활동, 스터디, 소셜, 문화예술",afternoon,outdoor,value,F,ENTP
512,37.57908356702395,127.12406443598388,"스터디, 소셜",evening,outdoor,value,M,ISTJ
513,37.45959337306922,126.89874281103828,"문화예술, 스터디",afternoon,indoor,medium,F,INFP
514,37.6169214908149,127.10906839525128,"소셜, 스터디",morning,indoor,value,F,ESFP
515,37.679825881718095,126.80805513957972,"카페, 맛집",evening,indoor,medium,M,ISTJ
516,37.6990848252235,127.08806298437236,"카페, 스터디",evening,indoor,medium,M,ESFJ
517,37.44143758794208,127.14364470305875,"맛집, 소셜, 문화예술, 카페",night,indoor,value,M,ESTP
518,37.64112657080353,126.83348997513814,"스포츠, 취미활동",morning,indoor,medium,F,INFP
519,37.45473741219575,127.1860838554183,"스터디, 취미활동, 카페, 문화예술",afternoon,indoor,value,N,INFP
520,37.493979942974185,127.05442736814088,"스포츠, 문화예술, 스터디",afternoon,indoor,value,M,INFJ
521,37.669098586809326,127.13844968421208,"스터디, 맛집, 소셜, 카페",morning,outdoor,medium,F,INFJ
522,37.43270408469228,126.89941592837096,"스터디, 맛집, 소셜",night,indoor,value,M,INTP
523,37.62939528511546,126.85867804560608,"스포츠, 맛집",night,indoor,high,N,ENFP
524,37.49181414986863,126.825473907001,"문화예술, 취미활동, 스터디",evening,outdoor,low,F,ENFP
525,37.48683226849046,127.11328618186268,"스포츠, 맛집, 소셜",evening,indoor,medium,F,ESTJ
526,37.49214369443126,127.14387183403214,"스포츠, 맛집, 소셜, 스터디",morning,indoor,high,M,ESFP
527,37.45675873771711,127.08815359943458,"문화예술, 스터디, 소셜, 맛집",morning,indoor,value,M,ISTP
528,37.61169061891069,127.16887677122052,"스터디, 스포츠",evening,outdoor,medium,M,INTJ
529,37.50493881854228,127.14499860296064,"스포츠, 스터디, 문화예술, 카페",evening,indoor,value,M,ENFP
530,37.69864224570405,127.16460589034634,"카페, 소셜, 취미활동, 문화예술",morning,outdoor,value,F,INFJ
531,37.6639743880181,127.0022083166894,"카페, 소셜, 문화예술",morning,indoor,low,F,INTP
532,37.57860991104706,126.9660582615971,"카페, 문화예술, 소셜, 스터디",morning,indoor,high,N,ISFP
533,37.47699416215583,127.10084573307878,"문화예술, 취미활동",morning,outdoor,medium,N,ESFP
534,37.571228444287726,126.99148194318622,"맛집, 문화예술",afternoon,indoor,low,F,INTP
535,37.61985775619955,127.15047699130784,"문화예술, 스터디, 스포츠",evening,outdoor,value,F,ISFP
536,37.47034984330223,127.09975160668968,"문화예술, 소셜",night,outdoor,value,F,ESTP
537,37.50237333492731,126.97767336275136,"문화예술, 카페, 취미활동, 스터디",evening,outdoor,high,F,ESTP
538,37.538220080072506,127.19553621652148,"스포츠, 스터디, 문화예술",night,indoor,medium,M,INFP
539,37.65725918232558,126.83894675751648,"카페, 스터디, 소셜",morning,indoor,high,M,ESFP
540,37.50119918265373,127.13100947758151,"스포츠, 취미활동, 스터디, 소셜",afternoon,outdoor,premium,M,ESTJ
541,37.51306006410416,127.15036196999996,"스터디, 맛집",night,outdoor,medium,F,ISTP
542,37.49438867268056,127.0696070139536,"문화예술, 취미활동, 스터디",evening,outdoor,low,F,ISTJ
543,37.457038629895614,127.12850006182389,"취미활동, 스터디, 소셜, 맛집",morning,indoor,low,M,INTJ
544,37.54485538232304,126.88491425666744,"맛집, 스포츠",night,outdoor,high,F,ESFJ
545,37.58177785862428,127.00148335483362,"취미활동, 맛집, 문화예술, 스터디",afternoon,indoor,value,F,INFP
546,37.53416030966493,127.13192850588692,"취미활동, 스포츠, 문화예술",afternoon,outdoor,medium,M,ISTJ
547,37.466152636141,126.87438460302296,"스포츠, 문화예술, 카페",evening,indoor,premium,M,ENFP
548,37.43474692467104,127.082382494632,"스터디, 소셜, 카페, 취미활동",afternoon,outdoor,low,F,ESTJ
549,37.58856992019419,127.05330528064376,"문화예술, 스포츠, 카페, 맛집",morning,outdoor,high,F,INFP
550,37.56855913694286,127.0685624290575,"취미활동, 문화예술, 스포츠, 스터디",afternoon,indoor,low,F,ENTJ
551,37.45900645919384,126.89499332206776,"소셜, 카페, 스포츠",afternoon,indoor,high,F,ENFP
552,37.54071222425544,127.12037548861656,"스터디, 맛집",afternoon,indoor,medium,F,ISTJ
553,37.49483039346409,126.82229634143498,"취미활동, 스터디",morning,indoor,low,F,INTJ
554,37.40181411295519,126.99354408754571,"맛집, 카페",afternoon,outdoor,value,F,ESFJ
555,37.53313140172767,126.91294716761706,"소셜, 문화예술",afternoon,indoor,low,F,ISTJ
556,37.43447190300857,126.80153485820313,"카페, 문화예술",evening,outdoor,medium,M,ISFP
557,37.46497375568817,127.14905035419436,"맛집, 취미활동, 소셜, 카페",afternoon,outdoor,value,M,ESFP
558,37.505494961702574,127.16381938920486,"소셜, 카페, 스터디",morning,indoor,value,M,ESTP
559,37.69573047487573,127.11651371699868,"문화예술, 스터디, 맛집, 취미활동",afternoon,outdoor,medium,F,ESFP
560,37.418752082453125,126.9549865855287,"카페, 맛집",night,outdoor,value,F,INFP
561,37.48757335204935,127.09944348343274,"소셜, 스터디, 문화예술, 맛집",morning,indoor,low,F,INFP
562,37.66938656485551,127.01001973609816,"취미활동, 스포츠",morning,outdoor,medium,M,ESFJ
563,37.69318514695309,126.8969414780547,"스포츠, 카페, 맛집",evening,indoor,low,M,ENTP
564,37.61937517680421,127.10789864914284,"취미활동, 스포츠, 스터디",night,indoor,value,M,INTJ
565,37.49835285136575,127.12629815225046,"스포츠, 카페",afternoon,indoor,low,M,ISFJ
566,37.63303953116259,127.1390190532219,"맛집, 소셜, 스터디, 스포츠",evening,indoor,high,F,ENFP
567,37.45894609008686,126.88469834482096,"맛집, 문화예술",morning,outdoor,high,M,ESFP
568,37.61577356017275,127.17206608114502,"문화예술, 스포츠, 소셜",night,indoor,medium,M,INTP
569,37.55974127236517,127.02576663511188,"문화예술, 스터디, 소셜",night,indoor,medium,F,ESFJ
570,37.67678112712819,127.10488482332568,"스터디, 카페",afternoon,indoor,value,M,INTJ
571,37.48389089554796,126.85454813098704,"스터디, 카페, 맛집, 취미활동",night,indoor,high,F,INTP
572,37.48302623958539,127.02326847355616,"스포츠, 카페",afternoon,indoor,high,F,INTJ
573,37.41101388304492,126.98990760241746,"스터디, 카페, 문화예술, 맛집",night,outdoor,low,M,INTJ
574,37.60182679587408,126.93490675842168,"소셜, 문화예술, 취미활동",afternoon,outdoor,value,F,ISTJ
575,37.47660600506867,127.1311905854009,"소셜, 스터디",afternoon,indoor,medium,F,ISTP
576,37.43539174508842,126.81806054576492,"카페, 스터디, 취미활동, 문화예술",night,outdoor,value,F,ISFP
577,37.57328392419114,127.02836282150086,"취미활동, 소셜, 카페, 문화예술",afternoon,indoor,medium,M,INTJ
578,37.66056710847485,127.02585594315848,"취미활동, 소셜, 스포츠",morning,outdoor,medium,F,ISTP
579,37.62733296811255,126.9127673422389,"스포츠, 문화예술, 소셜",morning,indoor,value,F,ENTP
580,37.47492325376881,126.93731019562578,"취미활동, 카페",afternoon,indoor,low,M,ISFJ
581,37.65820034653667,127.0779673519126,"스터디, 스포츠, 취미활동, 소셜",evening,outdoor,high,M,INFP
582,37.56120214905295,126.8767821755983,"맛집, 스터디, 카페, 소셜",night,outdoor,low,N,ENFJ
583,37.5876434181274,126.86194302963152,"취미활동, 스포츠, 카페",afternoon,indoor,value,F,INTP
584,37.5328488111153,127.13890776398507,"맛집, 카페, 문화예술",morning,indoor,value,M,INFP
585,37.5337476649481,127.12666209728066,"카페, 취미활동",night,indoor,medium,F,ENFJ
586,37.69308966383799,126.87477257177656,"맛집, 스포츠",evening,outdoor,medium,M,ISFJ
587,37.61024252540052,127.10612651981016,"취미활동, 소셜, 스터디",night,outdoor,low,M,ISFP
588,37.46104639836659,127.181821536967,"문화예술, 스포츠, 맛집, 카페",evening,outdoor,medium,M,ISFJ
589,37.59211422399327,127.14020169133144,"스터디, 카페",evening,outdoor,value,M,INTP
590,37.53337205032083,127.09694797483591,"소셜, 카페, 스터디, 취미활동",afternoon,outdoor,value,M,ESTP
591,37.659671366028434,127.03088642920358,"스터디, 문화예술, 카페",afternoon,indoor,medium,M,INTP
592,37.5755890485003,126.90256521107958,"맛집, 스터디, 카페",morning,outdoor,medium,F,ISFJ
593,37.54006342973693,126.9438879447641,"스포츠, 문화예술, 스터디, 맛집",morning,outdoor,high,M,ENFJ
594,37.42496691986242,127.1451838493252,"스터디, 스포츠, 맛집",evening,indoor,low,M,ESFJ
595,37.41866152745771,127.12908116868688,"취미활동, 스포츠",night,indoor,value,F,INTJ
596,37.45270162998677,127.00527595668392,"취미활동, 문화예술, 스포츠",night,outdoor,value,M,ENFP
597,37.6461633943238,126.80285683270728,"소셜, 맛집, 카페, 취미활동",night,indoor,low,F,ESTJ
598,37.61168459143529,127.0086203935644,"스포츠, 문화예술",morning,outdoor,value,M,ISTP
599,37.40583441511043,126.87551761110936,"맛집, 카페",night,outdoor,value,M,ENTJ
600,37.5828517673015,127.0273727817322,"소셜, 스터디, 취미활동, 스포츠",evening,indoor,value,M,ESTJ
601,37.54622189093024,127.17814865984592,"문화예술, 맛집, 카페",night,outdoor,medium,M,INFP
602,37.49729866374109,127.18085756683054,"카페, 맛집, 스터디",evening,indoor,premium,M,ISTJ
603,37.53186888253187,127.00418405253858,"소셜, 문화예술, 취미활동, 스포츠",evening,indoor,low,M,INFP
604,37.67287861733329,126.80247352905636,"맛집, 소셜, 문화예술",afternoon,outdoor,medium,M,ISTJ
605,37.40721237120993,127.01365587845429,"스터디, 문화예술, 스포츠",afternoon,outdoor,medium,M,ENFJ
606,37.52169357783417,126.86766475753696,"소셜, 문화예술, 스포츠, 취미활동",afternoon,indoor,low,M,ESTP
607,37.554550108515976,127.19611406823398,"스터디, 소셜",night,indoor,high,M,ESFP
608,37.4097167413328,126.93433739481571,"맛집, 문화예술, 스터디, 소셜",evening,indoor,value,M,ISTJ
609,37.44306342678313,126.87416354014962,"카페, 문화예술",evening,indoor,value,F,INTP
610,37.57076193893883,127.14719185069237,"스터디, 스포츠, 취미활동",afternoon,outdoor,medium,F,ESFJ
611,37.61545038426816,126.84976875474077,"맛집, 소셜, 스포츠",evening,outdoor,value,M,ENFP
612,37.45190716092535,126.90670882544956,"카페, 스터디, 맛집",night,outdoor,low,F,ENFP
613,37.61334802625833,126.80271861943444,"문화예술, 스터디, 맛집, 카페",night,outdoor,value,F,INTP
614,37.52153241637636,126.80108325992818,"카페, 스터디, 스포츠",evening,outdoor,low,M,ESFJ
615,37.48348029824563,126.95816730809696,"카페, 문화예술, 스포츠, 스터디",evening,indoor,high,F,ISFP
616,37.45972802598078,126.9391289389732,"스터디, 스포츠, 문화예술",evening,indoor,high,F,ENTP
617,37.61672341533907,126.80295676057771,"스터디, 취미활동, 카페",morning,indoor,value,M,ISFP
618,37.61498188968801,126.9434645452106,"취미활동, 맛집, 스터디, 스포츠",night,indoor,medium,M,ESTP
619,37.49385025925727,126.82436221729408,"소셜, 문화예술, 스포츠",morning,outdoor,medium,F,ESTJ
620,37.491228390791385,127.12465080577796,"스포츠, 취미활동, 맛집",evening,outdoor,premium,F,ESTP
621,37.58290457248273,127.166039381796,"맛집, 카페",morning,indoor,value,M,ENFJ
622,37.6667001832444,127.02772199376489,"스포츠, 문화예술",afternoon,outdoor,value,M,ESTJ
623,37.4373840157035,127.06099038220287,"소셜, 스포츠, 문화예술, 맛집",afternoon,indoor,value,M,ENTP
624,37.49123715484041,127.04844252996408,"문화예술, 취미활동, 맛집, 카페",afternoon,outdoor,medium,F,ESFP
625,37.59392221256843,126.98334539177053,"맛집, 카페",evening,indoor,high,F,ENTP
626,37.44002490065696,127.07665736078933,"문화예술, 스포츠, 맛집",afternoon,indoor,low,M,INFP
627,37.54017829880225,126.84268472764094,"소셜, 스포츠, 스터디",evening,indoor,low,M,ISFJ
628,37.477243764947744,126.85426458686416,"문화예술, 스터디",morning,indoor,value,F,INFP
629,37.59173235409841,126.9363847894572,"소셜, 취미활동, 문화예술",night,indoor,medium,M,ISFJ
630,37.61759791722076,127.13455143096417,"취미활동, 스터디",evening,indoor,low,M,ESTP
631,37.56175732385409,126.90203737313296,"취미활동, 문화예술, 스터디, 스포츠",morning,outdoor,value,F,ENTJ
632,37.57780881999287,127.13001412765712,"스포츠, 취미활동, 문화예술, 스터디",morning,indoor,value,F,ESTP
633,37.41981659234665,127.1890272942599,"카페, 스포츠",morning,outdoor,medium,F,ISTJ
634,37.48044296888357,126.92626739246562,"카페, 스포츠, 문화예술",afternoon,outdoor,low,F,ESFJ
635,37.4230907549024,127.0683060101772,"맛집, 스포츠",afternoon,indoor,medium,M,ISFJ
636,37.601498069299375,126.93356098861062,"맛집, 스터디, 소셜",night,outdoor,high,M,ISFP
637,37.60513646026696,127.10124753887187,"소셜, 카페, 문화예술",afternoon,indoor,low,F,ESTJ
638,37.55763353790866,126.84379638902178,"카페, 맛집, 소셜",evening,outdoor,value,M,INTP
639,37.47812093263637,127.13535985523689,"문화예술, 취미활동",night,outdoor,medium,M,INFP
640,37.4917440533851,127.1036955918628,"스터디, 취미활동, 소셜, 카페",evening,outdoor,medium,M,ESFJ
641,37.58548550630412,127.11258483550188,"소셜, 문화예술",afternoon,outdoor,high,M,ENFJ
642,37.52959681143904,126.81320477436012,"맛집, 카페, 소셜",morning,indoor,low,M,ESFJ
643,37.46351431164439,126.85769600844723,"취미활동, 스터디, 맛집",evening,outdoor,value,M,ISTP
644,37.626448237508704,126.92378503057849,"문화예술, 스터디, 취미활동, 맛집",evening,outdoor,low,M,ISTJ
645,37.64991027918232,126.98312197302369,"카페, 스터디, 문화예술, 취미활동",night,indoor,high,M,ISTP
646,37.69049808802978,126.9811533441662,"스터디, 취미활동",night,indoor,medium,F,ENTJ
647,37.55443527047994,127.00530420182818,"맛집, 스터디, 카페, 스포츠",morning,indoor,low,F,ISFJ
648,37.50621936870653,127.06232830693097,"카페, 맛집, 취미활동, 스포츠",afternoon,indoor,value,F,ENTJ
649,37.553156078389655,126.85623676726937,"카페, 취미활동, 문화예술, 스포츠",evening,outdoor,low,F,ENFJ
650,37.439542048969,127.1548170977788,"문화예술, 스터디, 맛집",afternoon,indoor,medium,F,ISFP
651,37.53132951649644,126.92414835564324,"스터디, 소셜",morning,indoor,value,M,ENTP
652,37.47585122020708,126.8269138451686,"문화예술, 카페, 소셜, 맛집",morning,indoor,low,F,ISTP
653,37.48986689588447,126.98309752686647,"스터디, 문화예술, 카페",morning,outdoor,value,F,ENFP
654,37.41385894496049,127.03183869096507,"스포츠, 취미활동, 문화예술",afternoon,indoor,high,F,ISTP
655,37.60366620115664,126.89471903418249,"소셜, 맛집",night,indoor,medium,M,ENFJ
656,37.55652002565598,126.88528157255566,"카페, 문화예술, 취미활동",morning,outdoor,value,M,INFJ
657,37.55436853710449,127.08358570684952,"소셜, 문화예술, 카페",evening,outdoor,high,M,ENFJ
658,37.63595171405844,126.89748328476172,"취미활동, 소셜",morning,outdoor,value,M,ESFP
659,37.43834355330812,127.03289497952105,"소셜, 문화예술, 스터디",evening,outdoor,value,F,ENTJ
660,37.66597863245072,126.96437702094003,"소셜, 스포츠, 맛집",afternoon,indoor,high,F,ESFJ
661,37.470942473671606,126.8846026997127,"카페, 스포츠, 소셜",evening,indoor,medium,M,INTP
662,37.5220321245716,127.10494448548287,"맛집, 스터디, 취미활동",night,outdoor,high,N,INFP
663,37.625163249126125,127.09856793200396,"스포츠, 스터디, 맛집",morning,indoor,medium,F,INTP
664,37.58840913937086,127.13197583728498,"카페, 취미활동, 스포츠, 스터디",afternoon,indoor,medium,M,ENTJ
665,37.58804078901945,126.94349700421716,"스터디, 취미활동",evening,indoor,value,M,INFP
666,37.53533902093936,127.08747970638912,"스터디, 카페",evening,outdoor,medium,M,INFJ
667,37.5006220440489,127.18090560581336,"스포츠, 카페",evening,outdoor,medium,M,ESFP
668,37.45448942656365,126.92095829612155,"취미활동, 카페, 문화예술, 스터디",morning,indoor,value,M,ENFP
669,37.51461616475332,126.81129150386028,"스포츠, 문화예술",evening,outdoor,value,M,ISTJ
670,37.688663873034784,127.18579529000957,"문화예술, 스터디",morning,outdoor,medium,M,ESTJ
671,37.49927442973406,126.89931499185234,"취미활동, 카페, 스포츠, 소셜",night,indoor,medium,M,ENTJ
672,37.52333818347781,126.89373002626022,"문화예술, 스포츠, 취미활동, 카페",evening,indoor,low,F,ESFJ
673,37.44789990481014,127.11603329998856,"스터디, 스포츠, 취미활동, 문화예술",morning,indoor,low,M,ISFJ
674,37.64328055780179,126.96014265073592,"문화예술, 스터디, 카페",afternoon,indoor,medium,F,ENTJ
675,37.6441130812272,126.88684129178796,"소셜, 스터디",afternoon,outdoor,high,M,ENTJ
676,37.51310231358762,127.18597144060074,"맛집, 스포츠",evening,outdoor,low,N,ISTP
677,37.67968006517629,127.0663788664322,"스터디, 소셜, 취미활동, 문화예술",morning,indoor,premium,M,ISTP
678,37.55096612445759,127.10605953994452,"카페, 스포츠",afternoon,indoor,high,M,INFP
679,37.68870141724437,127.00734618533411,"맛집, 문화예술",morning,indoor,value,N,ESTP
680,37.55056085930735,126.9819827518911,"스터디, 맛집",afternoon,outdoor,medium,F,ESTP
681,37.68892823926935,127.16701795783854,"카페, 취미활동, 맛집",afternoon,indoor,high,F,INTJ
682,37.63667418888976,126.89347617953014,"스포츠, 취미활동",evening,indoor,value,M,ENFJ
683,37.4381331472601,126.97101674214387,"문화예술, 취미활동, 스터디",night,indoor,value,M,ESFJ
684,37.542363305047566,126.94459485992871,"맛집, 카페",afternoon,indoor,value,F,INTJ
685,37.416629896682366,127.02167506040192,"스포츠, 문화예술, 취미활동, 카페",morning,indoor,value,F,ISFP
686,37.50021366452599,126.8427283971856,"스터디, 맛집",afternoon,outdoor,low,F,INFJ
687,37.66319292085791,126.91614475414669,"취미활동, 맛집, 카페",afternoon,indoor,value,F,ESTP
688,37.53732938381124,127.10380805948678,"소셜, 맛집, 스터디",afternoon,indoor,medium,M,ISFJ
689,37.46149376984777,127.09679815645048,"맛집, 취미활동, 스터디",evening,indoor,high,F,ISTP
690,37.48453920511895,126.90701081209932,"스터디, 스포츠, 문화예술",afternoon,indoor,low,M,ENFP
691,37.4103952129442,126.8508899547748,"문화예술, 맛집",morning,outdoor,medium,M,ENTP
692,37.40117551248533,127.19978427242388,"스터디, 문화예술, 스포츠",evening,outdoor,medium,M,INFJ
693,37.51279136657874,127.10252403879213,"맛집, 스포츠, 스터디",afternoon,indoor,value,F,ENTP
694,37.64054776996266,126.98654983780182,"취미활동, 스포츠, 카페, 스터디",night,outdoor,medium,M,ESFJ
695,37.58752746580596,127.1784747575965,"스포츠, 카페, 문화예술, 소셜",evening,outdoor,low,M,ESFJ
696,37.62368849975615,127.19824762384908,"맛집, 소셜, 스포츠, 스터디",night,outdoor,low,F,ISFP
697,37.5222223644064,127.19462779631174,"스포츠, 카페, 맛집",morning,outdoor,value,M,ENTP
698,37.55810228737446,127.02463780308489,"취미활동, 문화예술, 맛집, 스터디",night,indoor,value,F,ESFJ
699,37.69103506592553,126.80879272592384,"취미활동, 맛집, 카페, 문화예술",morning,indoor,value,M,ENFP
700,37.69995477334592,126.8008736571429,"스포츠, 소셜, 취미활동",afternoon,indoor,value,F,INTP
701,37.676012015763774,127.06010202843748,"맛집, 스포츠",evening,outdoor,high,F,INTJ
702,37.43699554732259,126.96038813067534,"스포츠, 카페, 스터디, 문화예술",evening,outdoor,low,M,ENTJ
703,37.61216849850063,126.8761527145188,"카페, 문화예술, 소셜",afternoon,indoor,low,M,ESFP
704,37.5170715648752,127.03142557291174,"스포츠, 카페",night,indoor,medium,M,ISTJ
705,37.66004644570655,127.157589222985,"스포츠, 취미활동, 스터디, 카페",morning,indoor,value,M,ENTP
706,37.45625816687365,126.80422065472636,"스터디, 문화예술, 취미활동, 소셜",afternoon,indoor,value,N,ISFJ
707,37.585874777848126,127.06539613805148,"스터디, 스포츠, 문화예술, 취미활동",evening,outdoor,high,M,INFJ
708,37.65276146881959,127.00035064235584,"스터디, 맛집, 문화예술, 스포츠",afternoon,outdoor,value,F,INTP
709,37.53582630131263,127.13421608981749,"문화예술, 스터디",night,outdoor,value,M,ESFP
710,37.55266557655227,126.82497770998955,"맛집, 스터디",night,indoor,medium,F,ENTP
711,37.44283569100036,126.95577387203107,"카페, 스터디",evening,outdoor,premium,F,INTP
712,37.61736737274765,126.9246049196056,"소셜, 스터디, 취미활동",evening,outdoor,low,F,ESTP
713,37.580327350218894,127.13944262075952,"소셜, 문화예술, 맛집, 카페",morning,indoor,medium,M,INTP
714,37.573156002867,127.05908802176825,"맛집, 카페",afternoon,outdoor,medium,M,ENTP
715,37.45800177008361,127.18029788528509,"스터디, 취미활동",evening,outdoor,high,M,INFP
716,37.55261179526488,126.89724981216906,"취미활동, 스터디",evening,indoor,value,F,ENFJ
717,37.60160592865416,127.0541711682812,"맛집, 스포츠, 카페",evening,indoor,low,F,ISFJ
718,37.40220734888762,127.007282292873,"취미활동, 문화예술, 소셜",night,indoor,medium,N,ENTJ
719,37.60208294959901,126.82595971181536,"문화예술, 카페, 스터디",night,outdoor,medium,M,ENTJ
720,37.44928113483678,127.00148777383598,"취미활동, 스포츠, 카페, 소셜",night,outdoor,medium,F,ISFJ
721,37.57443618437859,127.17910783281286,"맛집, 문화예술, 소셜, 스터디",afternoon,outdoor,medium,F,INFP
722,37.58855117002507,127.02290073332736,"맛집, 소셜, 문화예술, 스터디",morning,indoor,high,M,ISTP
723,37.442152190932575,126.97718040429918,"스터디, 맛집, 소셜",afternoon,indoor,value,M,ESFJ
724,37.46105333249957,127.14934444713656,"소셜, 취미활동, 카페, 스포츠",morning,outdoor,medium,F,ENTJ
725,37.505669292521226,127.14262879547334,"카페, 문화예술, 맛집",morning,indoor,value,F,ISTP
726,37.41747134924608,126.904909728726,"스포츠, 스터디",afternoon,indoor,medium,F,INTP
727,37.47564318675168,126.9963241205072,"스터디, 스포츠",morning,outdoor,medium,M,ENFP
728,37.612382274722,127.0854608297975,"문화예술, 스터디",night,outdoor,low,F,INFJ
729,37.52929636179716,126.91526580915358,"스포츠, 문화예술, 소셜, 카페",night,outdoor,premium,M,ESTP
730,37.41232470948667,126.93891538972228,"맛집, 문화예술",night,outdoor,high,M,INTJ
731,37.561436303011945,126.82822002548396,"취미활동, 스포츠, 소셜, 스터디",evening,outdoor,medium,M,ENTJ
732,37.67739758287468,127.00685275680424,"스터디, 문화예술, 맛집",night,indoor,medium,F,ISFJ
733,37.45845214749661,126.99653217276486,"취미활동, 스포츠, 문화예술, 소셜",afternoon,indoor,high,F,ENFP
734,37.471462830642686,126.95546990026838,"소셜, 취미활동",morning,indoor,value,F,ENTP
735,37.42401902075869,126.98978127193782,"카페, 문화예술",evening,indoor,medium,M,ESFP
736,37.634854585396,127.13820432433624,"문화예술, 소셜",evening,indoor,high,F,ISFP
737,37.58819424110308,126.98867950675648,"문화예술, 소셜, 취미활동",morning,indoor,low,M,ENFJ
738,37.507839386556185,127.14334776268788,"스포츠, 맛집",morning,outdoor,high,F,ISFJ
739,37.41840316234516,127.08582493843728,"문화예술, 취미활동",night,indoor,high,M,ESFJ
740,37.601592841378114,126.89627263589036,"맛집, 카페",afternoon,indoor,value,M,ISFP
741,37.407768821074846,126.91408469786133,"소셜, 맛집",morning,indoor,medium,M,ISFP
742,37.52100929150791,127.07058885739696,"문화예술, 카페",night,indoor,medium,M,INTP
743,37.40175941836615,126.83140394738145,"문화예술, 소셜",night,outdoor,premium,F,ENFJ
744,37.59863354774245,127.16503973823656,"맛집, 스포츠, 카페",afternoon,indoor,medium,F,INFJ
745,37.47496628192927,126.9424999578415,"취미활동, 맛집, 문화예술",afternoon,indoor,value,M,INFJ
746,37.40873713549673,127.10764309740291,"소셜, 맛집, 스터디, 문화예술",evening,indoor,medium,F,INFP
747,37.43502437083064,126.85162604993162,"스터디, 맛집",afternoon,outdoor,medium,M,ISTP
748,37.41090222449487,126.84073890605696,"스터디, 취미활동, 문화예술, 스포츠",afternoon,outdoor,medium,F,ISTJ
749,37.562248119191466,127.12734425655808,"취미활동, 스포츠, 문화예술, 소셜",night,indoor,low,F,ISFP
750,37.67893751678916,127.17914537679962,"소셜, 스포츠, 취미활동",night,indoor,high,F,INFP
751,37.46802026806951,127.0407925411898,"취미활동, 카페, 소셜, 문화예술",afternoon,outdoor,value,M,ESFJ
752,37.66767137466143,126.97237653460732,"카페, 스포츠, 소셜, 맛집",evening,outdoor,value,F,ISTP
753,37.41967372179399,127.09176617949062,"스포츠, 소셜, 스터디",morning,indoor,value,F,ESTP
754,37.42185358926356,127.17305587751996,"취미활동, 맛집, 스포츠",night,indoor,low,M,ISFP
755,37.65762349055888,127.05351331389892,"맛집, 스포츠",night,outdoor,low,M,ENFP
756,37.492810568624,127.07765266159048,"맛집, 스터디, 문화예술",afternoon,indoor,value,F,ENFJ
757,37.46533424053027,127.0708151259528,"스포츠, 스터디",afternoon,indoor,value,F,ISTJ
758,37.49135695674541,126.80994380636632,"취미활동, 소셜, 문화예술",evening,indoor,value,F,ENTP
759,37.5984398615971,127.16130944889557,"맛집, 카페, 문화예술",night,indoor,value,F,INTP
760,37.42680197068756,126.97511259091984,"소셜, 취미활동, 스포츠",evening,indoor,medium,F,ENFJ
761,37.4268956693707,126.93494363134292,"취미활동, 맛집, 문화예술, 스포츠",morning,indoor,high,M,INFP
762,37.50337897871809,126.86439377267494,"취미활동, 스터디, 스포츠, 카페",night,outdoor,low,M,INTJ
763,37.57105616473994,127.14473752931794,"문화예술, 스터디",morning,outdoor,high,M,ESTJ
764,37.567363755073366,126.92172303672834,"취미활동, 맛집",evening,indoor,premium,F,ISTJ
765,37.41895648378235,127.03927499997542,"문화예술, 스터디, 소셜, 카페",night,indoor,value,M,ISTJ
766,37.47928992583213,126.91489653918994,"문화예술, 카페",morning,outdoor,medium,F,ESFJ
767,37.69678398353192,126.82189799290384,"스터디, 취미활동, 소셜",afternoon,indoor,medium,F,INTP
768,37.68161579059336,127.1220373507198,"카페, 스포츠, 맛집, 취미활동",night,indoor,value,F,ENTJ
769,37.540216200634376,126.91423184649544,"맛집, 카페, 소셜",evening,outdoor,low,M,INFJ
770,37.46581681675888,126.98574009995284,"소셜, 문화예술",evening,outdoor,high,F,INFJ
771,37.42992906731085,126.82180475596434,"문화예술, 스포츠",evening,outdoor,value,M,ESTP
772,37.57928395727974,127.12377099538512,"카페, 소셜",night,indoor,premium,F,INTJ
773,37.55527983951615,126.8497736831787,"스포츠, 카페, 문화예술",morning,indoor,high,M,ENFP
774,37.50899677162587,126.95611516346526,"스포츠, 카페",afternoon,outdoor,low,M,ESFJ
775,37.55433573032046,126.93239677904135,"취미활동, 카페",evening,indoor,value,F,ENFP
776,37.51582975665124,127.07592947715904,"스포츠, 스터디",evening,indoor,value,M,ENTP
777,37.46784547994064,127.14913209366134,"소셜, 맛집, 스터디, 문화예술",evening,indoor,medium,M,ISTP
778,37.44568707412029,126.90559020788392,"취미활동, 카페, 문화예술, 맛집",morning,indoor,medium,F,ENFJ
779,37.45733168680734,127.10750567228848,"스터디, 취미활동, 소셜",night,indoor,low,F,ESTP
780,37.67951942742615,126.88274875016891,"스터디, 스포츠, 취미활동",morning,outdoor,value,F,ESTP
781,37.51507021730219,126.9966951772076,"문화예술, 소셜, 맛집, 취미활동",afternoon,indoor,low,F,ESTJ
782,37.65765247502428,127.05154925776532,"소셜, 문화예술, 스터디",evening,indoor,low,F,ISFJ
783,37.524821201122606,127.19114147740072,"소셜, 스터디",evening,outdoor,medium,M,ENTJ
784,37.64365387618783,127.14640927627224,"스터디, 스포츠, 맛집",evening,indoor,medium,M,INFP
785,37.61659494408549,127.14475005960632,"맛집, 카페, 취미활동, 문화예술",afternoon,indoor,value,M,ISFP
786,37.62989122133567,126.99917943703292,"문화예술, 소셜, 맛집, 취미활동",afternoon,indoor,medium,F,ESFP
787,37.46860122541538,127.15299804202726,"취미활동, 카페, 맛집",night,outdoor,value,F,ISFJ
788,37.52409336941831,126.91712514669489,"스포츠, 취미활동, 맛집, 소셜",afternoon,outdoor,medium,M,ISTP
789,37.5265489506568,127.07652070773408,"스터디, 스포츠",afternoon,indoor,medium,M,ISFJ
790,37.52400273796136,127.01864597586548,"스포츠, 카페, 취미활동, 스터디",evening,indoor,value,F,ESFJ
791,37.50580733605092,126.93028088463107,"취미활동, 문화예술, 소셜",morning,indoor,value,M,ISFP
792,37.47198467111709,126.8333516215075,"맛집, 소셜",afternoon,outdoor,value,F,ISTJ
793,37.411639836418665,126.87470901129244,"취미활동, 스터디, 문화예술",morning,indoor,medium,F,INTJ
794,37.47461761813719,126.80619929673048,"스포츠, 문화예술",morning,indoor,low,F,INFJ
795,37.66825464758497,126.89126636550036,"맛집, 문화예술, 소셜, 취미활동",night,outdoor,premium,M,ENTP
796,37.51504433677251,126.86089128556677,"스포츠, 취미활동",night,outdoor,value,F,ENFP
797,37.69904231380366,126.8614736543229,"소셜, 취미활동, 맛집",evening,outdoor,medium,F,ESTJ
798,37.60646567582232,127.11400273448332,"문화예술, 취미활동",afternoon,indoor,value,F,ESFJ
799,37.54713472902078,126.8478987154002,"맛집, 취미활동",morning,indoor,medium,F,INTJ
800,37.439304385595136,127.040382877999,"문화예술, 취미활동, 스터디",evening,indoor,value,F,ISTJ
801,37.46643526741197,127.12224331552572,"스터디, 취미활동, 맛집",night,indoor,medium,F,ESFP
802,37.48930362756871,126.8131791472982,"스터디, 소셜",morning,outdoor,medium,M,INFP
803,37.62680127253223,126.98092561402052,"스터디, 소셜, 취미활동, 문화예술",evening,indoor,medium,F,ENTP
804,37.687707252791895,127.04536073860886,"카페, 문화예술, 소셜",night,indoor,value,F,ESFJ
805,37.67548551061399,126.96321618464113,"문화예술, 스포츠",evening,indoor,medium,M,ISTJ
806,37.63186417323906,126.99674712876688,"취미활동, 소셜, 카페, 문화예술",afternoon,outdoor,value,F,ESTJ
807,37.683536734623466,126.91306694421648,"문화예술, 카페, 맛집",afternoon,indoor,medium,F,INFJ
808,37.69523566514788,127.09450157918418,"소셜, 스터디, 문화예술, 스포츠",afternoon,outdoor,low,F,ESTP
809,37.66736023922054,127.00226254297208,"스터디, 취미활동, 소셜, 카페",morning,outdoor,medium,M,INFJ
810,37.55255822953208,126.92738078672232,"스포츠, 취미활동",afternoon,indoor,medium,M,ESFJ
811,37.53155240500969,127.04440936461675,"스터디, 카페, 스포츠",morning,outdoor,value,N,INFJ
812,37.64232178796021,126.94255619971996,"맛집, 스포츠, 취미활동",night,indoor,premium,F,INTJ
813,37.52286827817876,127.112033609494,"카페, 스터디, 취미활동",morning,indoor,value,M,INTJ
814,37.581521376031326,127.02395621273833,"카페, 취미활동, 문화예술, 스터디",morning,outdoor,medium,F,ENFP
815,37.67973319351321,127.1789227596948,"맛집, 취미활동, 소셜, 스터디",night,outdoor,high,F,ESFJ
816,37.47582975798535,126.962654610754,"문화예술, 스터디, 맛집",evening,indoor,high,F,ENFP
817,37.43222429763087,126.840465524607,"맛집, 취미활동, 카페",evening,outdoor,high,F,ESFJ
818,37.47655466863227,127.1433881010393,"소셜, 취미활동, 맛집",afternoon,indoor,high,M,ESTP
819,37.66628249884819,126.94714027784298,"문화예술, 취미활동, 맛집",morning,outdoor,high,M,ESTP
820,37.41411835936308,127.0674186780456,"스터디, 소셜, 카페",evening,indoor,low,M,INFP
821,37.5885268486753,126.9579780744086,"취미활동, 스터디",morning,indoor,low,F,ESFJ
822,37.60098604725777,126.80016061761012,"문화예술, 취미활동",night,outdoor,low,M,ESTJ
823,37.43698517823572,126.85898104018996,"취미활동, 카페, 스터디, 스포츠",afternoon,indoor,high,M,ISTP
824,37.5977104043297,126.82018222824804,"맛집, 카페, 취미활동",morning,indoor,medium,M,ENTP
825,37.56644773895099,126.9364080689024,"맛집, 카페, 문화예술, 스터디",night,indoor,low,F,INTP
826,37.5462403506392,126.9456484227366,"스터디, 문화예술",afternoon,outdoor,medium,F,ISFP
827,37.61417028001898,126.99200740393783,"카페, 소셜, 맛집",morning,indoor,premium,M,INTP
828,37.411787583545205,127.06196284925916,"취미활동, 스터디, 소셜, 맛집",morning,indoor,high,M,ISTJ
829,37.64402206806941,127.09713251058628,"스터디, 맛집",morning,outdoor,low,F,ESTP
830,37.4242125362582,127.1971083946051,"맛집, 문화예술, 스터디",night,indoor,value,M,INFJ
831,37.50494100635348,126.96993141327076,"소셜, 취미활동, 맛집, 스터디",evening,indoor,value,M,ENTP
832,37.41266014057439,126.99851805020026,"문화예술, 맛집, 스포츠",night,outdoor,low,M,ISFJ
833,37.66260897197023,127.08179745456468,"카페, 취미활동, 문화예술, 소셜",morning,outdoor,value,M,ISTP
834,37.55440085721555,126.84228024155172,"맛집, 카페, 문화예술",evening,outdoor,medium,M,INTJ
835,37.44908252625312,126.94510685325498,"소셜, 카페, 문화예술, 스포츠",morning,indoor,low,F,ENFJ
836,37.60623105828226,126.93016731227304,"문화예술, 스터디",morning,outdoor,low,M,ENTJ
837,37.44874952464233,127.15801354354136,"취미활동, 맛집, 카페",afternoon,outdoor,value,F,INFP
838,37.54870723106861,126.93309366159356,"스포츠, 맛집",morning,indoor,value,M,INFJ
839,37.6063730274366,127.1455819288038,"맛집, 취미활동, 카페, 소셜",evening,indoor,low,F,INFJ
840,37.54075324882783,126.947083403251,"카페, 취미활동, 스포츠",morning,outdoor,low,F,ESTJ
841,37.46311162445895,126.80921883536264,"문화예술, 취미활동, 스터디",evening,indoor,high,M,INFJ
842,37.42254288595328,126.85368097053052,"취미활동, 카페",evening,outdoor,medium,F,INTJ
843,37.458532646007264,127.15704453121766,"맛집, 카페, 소셜, 취미활동",afternoon,indoor,medium,M,INTJ
844,37.477128826818536,126.99178199125993,"소셜, 맛집",afternoon,outdoor,low,N,ENTJ
845,37.58425065509567,126.93365720895356,"맛집, 소셜",morning,indoor,value,M,ISFP
846,37.40382962795537,127.1486207425833,"문화예술, 카페, 맛집, 스터디",evening,indoor,low,M,ESFJ
847,37.66331388820908,127.12525999534552,"맛집, 취미활동",night,indoor,high,M,ISFJ
848,37.65833405601843,126.8313352871048,"스포츠, 문화예술, 맛집, 카페",evening,indoor,high,N,ENTP
849,37.48287168248695,127.11695631014352,"스터디, 카페",afternoon,outdoor,value,F,INFJ
850,37.40677057496071,126.8451432578851,"소셜, 카페, 스터디",evening,indoor,value,F,INTP
851,37.51081479427478,127.00232368903691,"소셜, 스터디, 카페",evening,outdoor,high,M,ENFP
852,37.52825171111401,126.90889621700242,"문화예술, 소셜",morning,indoor,value,F,ESTJ
853,37.51810456579718,126.8767492737618,"카페, 소셜, 맛집, 취미활동",afternoon,outdoor,value,M,ESTJ
854,37.68254495001505,127.04149771542532,"카페, 소셜",evening,outdoor,value,F,ISFP
855,37.55236922480101,127.01143368057498,"맛집, 카페",afternoon,outdoor,low,M,INTP
856,37.649671732012536,126.90991912430717,"취미활동, 맛집",night,indoor,value,M,ISTJ
857,37.67499293080818,127.08219866077386,"취미활동, 스터디, 소셜",night,indoor,medium,M,INTP
858,37.52523448516894,127.09227160461135,"맛집, 취미활동",evening,outdoor,value,M,ISTP
859,37.43526717473628,127.19608901384603,"취미활동, 스포츠",morning,indoor,value,F,ISTJ
860,37.67121049593637,126.92807246697136,"문화예술, 취미활동, 스포츠",morning,outdoor,medium,M,ENFJ
861,37.67057483235137,126.95887475452685,"문화예술, 맛집, 스터디, 소셜",evening,indoor,medium,F,ESTP
862,37.44717069952827,127.07624909683254,"취미활동, 맛집",morning,outdoor,value,M,ENFP
863,37.5465814777634,127.0412888542632,"스터디, 문화예술",afternoon,outdoor,high,F,ESTP
864,37.56710204189394,127.15758906736976,"스터디, 카페, 문화예술, 스포츠",morning,indoor,value,M,ESTJ
865,37.54505662020949,127.07417620894851,"소셜, 문화예술",night,indoor,low,M,INTP
866,37.61489760304281,127.06775416946796,"취미활동, 맛집, 문화예술",morning,indoor,high,F,ENFJ
867,37.6013664669039,126.81257838202356,"카페, 문화예술, 맛집, 스포츠",morning,outdoor,high,M,ESFJ
868,37.558343632488686,127.0070519313592,"스포츠, 문화예술, 맛집, 카페",afternoon,outdoor,medium,M,INFP
869,37.58447090437008,126.99296944063788,"취미활동, 맛집",morning,indoor,value,F,ENTP
870,37.66433154450697,126.90266467595836,"취미활동, 카페, 맛집, 스터디",night,indoor,low,F,ENFJ
871,37.613379747413134,126.83999409899351,"소셜, 취미활동, 스포츠, 문화예술",afternoon,outdoor,value,M,ESFP
872,37.65223552158174,126.81337061323728,"스터디, 스포츠, 취미활동, 맛집",afternoon,indoor,value,M,ISFP
873,37.527767946511005,127.1942096533021,"스포츠, 취미활동, 문화예술",afternoon,indoor,low,F,ISTP
874,37.562715968057134,127.01098258548868,"취미활동, 문화예술, 소셜",night,outdoor,value,M,ENTP
875,37.61809337585853,127.03193369531245,"카페, 문화예술, 맛집",night,outdoor,low,M,ESFP
876,37.41393009664484,126.80549327523303,"취미활동, 문화예술, 스터디",afternoon,outdoor,low,M,INTP
877,37.62451257482846,126.90481400180276,"카페, 스터디",morning,outdoor,medium,F,ISFJ
878,37.58741020082199,126.91301634546498,"맛집, 취미활동, 소셜, 스포츠",evening,outdoor,medium,F,ESFJ
879,37.49733146859052,126.93368613490404,"문화예술, 카페, 스포츠, 맛집",evening,outdoor,medium,M,ENFJ
880,37.40924738560981,127.15168173503416,"스포츠, 소셜, 문화예술",night,indoor,value,M,ENFP
881,37.51759032208234,126.90544217592276,"맛집, 소셜, 문화예술, 스포츠",morning,indoor,medium,M,INTP
882,37.48080791019906,127.12026557661012,"스터디, 맛집",morning,outdoor,value,F,INFJ
883,37.65332070295716,126.89568928546636,"스포츠, 카페",evening,indoor,low,M,INTJ
884,37.59598686227041,126.8281472431624,"취미활동, 소셜",evening,indoor,value,M,ENFJ
885,37.68322843577912,126.93437846135156,"스포츠, 문화예술, 취미활동, 카페",morning,indoor,value,F,ENFP
886,37.46224083141766,127.16234007683951,"맛집, 스포츠, 취미활동",night,indoor,high,M,ISTP
887,37.60407132615314,127.13698279444736,"스포츠, 취미활동, 문화예술",night,outdoor,value,F,ESFP
888,37.47502474067418,127.13462095646784,"카페, 소셜, 취미활동, 맛집",evening,indoor,value,M,INFP
889,37.48696420386016,126.80580603781104,"취미활동, 맛집, 문화예술, 소셜",night,outdoor,value,M,INFJ
890,37.57991132402243,127.11059475252628,"취미활동, 스터디, 스포츠",evening,outdoor,high,M,ESTP
891,37.516589687119655,126.9663958431901,"스포츠, 카페, 문화예술",afternoon,indoor,medium,F,INFP
892,37.68349011909203,126.99272137701556,"맛집, 스포츠, 취미활동, 문화예술",afternoon,indoor,medium,F,ESTP
893,37.6689512752877,127.19307201948898,"스포츠, 취미활동, 소셜, 맛집",night,indoor,high,F,INTP
894,37.54359346116516,126.81786448655156,"맛집, 소셜, 문화예술",morning,indoor,medium,M,INTJ
895,37.603917738800526,127.04361157788276,"맛집, 스포츠, 소셜, 스터디",morning,outdoor,low,F,ENFJ
896,37.41126569601801,126.92640188914656,"소셜, 맛집, 취미활동, 카페",morning,indoor,high,M,ENFJ
897,37.57901689703186,126.93488081406758,"소셜, 카페, 취미활동, 맛집",afternoon,indoor,low,M,ISFJ
898,37.44917607861408,126.95256352396125,"문화예술, 카페",night,outdoor,premium,F,ESTJ
899,37.42369417980987,127.0773189874206,"문화예술, 스포츠, 취미활동",afternoon,outdoor,medium,M,ISFJ
900,37.57593785371244,126.90449805298144,"스터디, 스포츠, 취미활동",evening,indoor,medium,M,ISFP
901,37.47020158614811,126.833755179158,"스포츠, 문화예술",morning,indoor,high,M,INTP
902,37.40551149636143,126.90820871206874,"맛집, 카페, 문화예술, 취미활동",afternoon,indoor,value,M,INTP
903,37.53597853175776,127.1168759753101,"스터디, 취미활동, 소셜, 스포츠",morning,indoor,medium,M,INTJ
904,37.48194788611098,126.88380768972502,"취미활동, 소셜",night,indoor,medium,F,ISFJ
905,37.67677172147175,127.02738888086272,"스터디, 문화예술",night,indoor,high,M,ENFP
906,37.65291108407831,126.95952861076962,"문화예술, 취미활동, 스터디",night,outdoor,medium,F,ESTP
907,37.5493607541543,127.13672348361152,"카페, 스터디, 스포츠",night,indoor,value,F,ENFP
908,37.557330903757325,127.1224386991843,"소셜, 카페, 스포츠, 문화예술",night,outdoor,value,M,INTJ
909,37.48071566862265,127.12475585742732,"취미활동, 문화예술",evening,outdoor,premium,M,ESFJ
910,37.64173785978748,126.9085552752947,"스터디, 취미활동, 스포츠",morning,outdoor,low,M,ESTJ
911,37.59574541852185,127.1095202994276,"스터디, 맛집",evening,indoor,value,F,ENFP
912,37.45092754946214,127.18626126990657,"카페, 스포츠",morning,indoor,value,M,ISTJ
913,37.61981702462399,127.0743505100346,"소셜, 스포츠",evening,indoor,medium,F,ISFP
914,37.442553319285096,126.88552048426509,"취미활동, 문화예술, 카페, 스포츠",night,outdoor,value,M,ENTP
915,37.511781531073126,126.89213713284094,"소셜, 카페, 스터디, 문화예술",morning,outdoor,medium,F,INTJ
916,37.57542704250119,127.12649114074512,"소셜, 취미활동",afternoon,outdoor,value,M,INTJ
917,37.459242075105706,127.05066345563654,"취미활동, 스터디, 스포츠, 카페",afternoon,indoor,value,M,ENTJ
918,37.49382821822655,127.13072284511242,"스터디, 취미활동, 소셜, 카페",afternoon,indoor,value,F,ESTP
919,37.40007288033036,126.85077442306968,"맛집, 취미활동",afternoon,outdoor,low,F,ESFP
920,37.51208169786022,127.07258424500688,"카페, 취미활동, 소셜",morning,indoor,medium,M,ISFP
921,37.61105850205446,127.05794241737188,"소셜, 스포츠",afternoon,indoor,medium,F,INFJ
922,37.47248073861201,127.06888026542605,"맛집, 스포츠, 문화예술",night,indoor,high,F,ESFP
923,37.60336847554883,127.02882185567256,"취미활동, 스포츠, 소셜, 스터디",evening,indoor,value,F,INFJ
924,37.45843814079318,127.12641340092082,"문화예술, 소셜",afternoon,indoor,value,F,ISTJ
925,37.440235886812935,126.82256054310432,"맛집, 카페, 스터디, 소셜",evening,indoor,low,M,ISFJ
926,37.47229887739878,127.17445022861604,"카페, 취미활동, 스포츠, 문화예술",afternoon,indoor,low,M,ISFP
927,37.51333904717282,126.92667374240676,"소셜, 카페, 문화예술",night,indoor,medium,M,ESFJ
928,37.51317559571471,127.06562964847994,"스터디, 문화예술, 맛집, 스포츠",afternoon,indoor,high,F,INTP
929,37.56734303772063,126.95178455223738,"취미활동, 스터디",night,indoor,medium,F,INTP
930,37.45777448973756,126.83904750421404,"카페, 소셜, 취미활동, 스포츠",evening,indoor,low,M,ESFP
931,37.55754225553089,126.88119742367648,"문화예술, 스포츠",morning,indoor,value,M,INFP
932,37.401594250746456,126.93122787379426,"스포츠, 취미활동, 문화예술",night,indoor,value,F,ESTP
933,37.41217879559071,126.9563011938268,"맛집, 취미활동, 문화예술",evening,outdoor,premium,N,ISTJ
934,37.47554441060274,127.19241179564604,"스터디, 카페, 소셜",morning,indoor,value,F,INTJ
935,37.49596387300033,127.03866315679883,"스포츠, 스터디, 취미활동",night,indoor,medium,M,ISTJ
936,37.4401282085231,127.1542807654162,"소셜, 스포츠, 카페, 스터디",night,outdoor,medium,M,ISTJ
937,37.467728922462506,126.81005589030252,"카페, 문화예술, 맛집, 취미활동",evening,indoor,medium,M,ESFP
938,37.66925858671306,126.97886420181229,"카페, 스포츠, 취미활동, 맛집",night,outdoor,low,F,ISTP
939,37.68683985690272,127.07930903741222,"카페, 스포츠",afternoon,outdoor,medium,M,ISTJ
940,37.62927670220724,127.19726164143609,"카페, 맛집",night,indoor,medium,F,INFJ
941,37.68373539387229,127.17194340020022,"문화예술, 소셜, 스터디",evening,outdoor,medium,M,ISTP
942,37.61350461780653,126.8843709344426,"소셜, 취미활동, 스터디, 맛집",morning,indoor,high,F,ESTP
943,37.569888843117226,126.95936018664376,"문화예술, 카페, 스포츠, 맛집",night,outdoor,value,F,ISTJ
944,37.40800302878266,126.80497023751757,"소셜, 문화예술, 취미활동",morning,outdoor,high,F,ESTJ
945,37.65573166569256,127.01936037469676,"스포츠, 취미활동, 카페, 소셜",night,outdoor,value,M,ENTP
946,37.65299088984565,126.94470800230918,"취미활동, 맛집",night,indoor,medium,M,INTP
947,37.53464950795419,126.82514299498897,"카페, 맛집, 스터디",morning,indoor,value,M,ISTP
948,37.48320402851739,127.00009259157032,"스포츠, 취미활동, 문화예술, 스터디",evening,indoor,medium,F,INFP
949,37.60124800423278,127.08123756150376,"스터디, 취미활동",morning,indoor,low,F,ISFP
950,37.4193607651534,127.03106457468786,"맛집, 스포츠, 문화예술, 소셜",night,indoor,high,F,ENTP
951,37.56151525606893,126.98179309318216,"취미활동, 문화예술, 스포츠, 카페",night,outdoor,value,F,INFP
952,37.5050817112008,126.98087317574404,"취미활동, 맛집, 스터디",night,outdoor,high,F,ENTJ
953,37.46841854507001,126.8046104056212,"소셜, 취미활동, 맛집, 문화예술",evening,outdoor,value,M,INFP
954,37.57631096850245,126.82561740954591,"문화예술, 맛집, 카페, 취미활동",night,indoor,value,F,INTP
955,37.48101753983047,126.88273484424664,"맛집, 스포츠",morning,indoor,value,M,INTP
956,37.66894185717779,127.05448753146774,"카페, 스터디, 맛집",evening,indoor,high,M,ISTP
957,37.49899246858708,127.18487436379672,"스터디, 취미활동, 소셜, 문화예술",evening,outdoor,medium,F,ISTJ
958,37.58340710392952,127.1856216520526,"맛집, 스포츠, 문화예술",evening,indoor,value,M,ENFJ
959,37.59609694292169,127.18248846945744,"소셜, 문화예술",afternoon,indoor,low,M,ENTJ
960,37.629211046950246,126.80721516380186,"맛집, 취미활동, 스포츠, 소셜",afternoon,indoor,high,F,ISTP
961,37.52796370958302,126.85571867576284,"문화예술, 취미활동",morning,indoor,value,M,ESTJ
962,37.61999837261506,126.80016411577569,"문화예술, 카페, 스포츠, 스터디",morning,indoor,premium,F,INTJ
963,37.414518764583725,126.85940696970285,"스포츠, 소셜",morning,outdoor,high,M,ENFP
964,37.44702888427979,126.9705624225968,"취미활동, 스포츠, 맛집, 문화예술",afternoon,indoor,medium,M,ISFP
965,37.42847237292983,126.95600642429902,"맛집, 카페, 스포츠, 소셜",evening,outdoor,medium,M,INFP
966,37.59850799050745,127.1267830749577,"취미활동, 카페, 맛집, 스포츠",afternoon,outdoor,medium,M,ENFJ
967,37.51643643703055,126.8382760464232,"스터디, 스포츠, 맛집, 카페",evening,outdoor,value,F,ISTJ
968,37.57811173488543,127.10881271438896,"스포츠, 소셜",morning,outdoor,value,M,INFJ
969,37.42375592273259,126.99512913495276,"맛집, 취미활동",morning,indoor,value,F,ESTP
970,37.65831888094392,126.82794476827388,"스포츠, 스터디",evening,indoor,medium,M,INTJ
971,37.66550459736418,126.88861086076096,"취미활동, 스포츠",morning,outdoor,low,F,ESFJ
972,37.65420651617281,126.8038155816102,"맛집, 취미활동, 문화예술",night,outdoor,medium,F,ISFJ
973,37.556156160092456,127.06215327978538,"맛집, 취미활동",afternoon,indoor,medium,F,ENFJ
974,37.42385591398895,126.9952152897127,"카페, 스터디, 소셜",afternoon,outdoor,value,M,ESTP
975,37.51834538940425,127.19245247828462,"취미활동, 문화예술",afternoon,indoor,low,M,INFJ
976,37.65452531792916,126.80816064427528,"맛집, 소셜",afternoon,outdoor,value,M,ENTJ
977,37.5627643586902,127.19137775686144,"문화예술, 취미활동, 스포츠",evening,outdoor,high,F,ESFJ
978,37.48263400393715,126.9060139672562,"문화예술, 스터디, 스포츠",morning,indoor,value,M,ISTP
979,37.63039002734294,127.1842912352913,"스터디, 카페, 소셜, 취미활동",night,indoor,value,F,ISTJ
980,37.545539572314304,127.18951220039158,"카페, 스포츠",evening,indoor,value,F,INTJ
981,37.40764180752053,126.8254435984706,"소셜, 스포츠, 문화예술",afternoon,indoor,value,M,INTJ
982,37.51965242358409,127.1617605746068,"스터디, 취미활동, 스포츠",morning,outdoor,low,F,ESFP
983,37.59455810804726,126.9237729883878,"소셜, 스터디, 카페, 문화예술",evening,indoor,value,M,INTJ
984,37.581727846807695,127.18514819760072,"스포츠, 스터디",night,outdoor,value,M,ENTJ
985,37.59444402291469,127.09928284735804,"카페, 취미활동",morning,outdoor,medium,F,ESFJ
986,37.64987949451788,127.09708859887456,"스포츠, 소셜, 취미활동",evening,outdoor,medium,F,INFP
987,37.62609984137288,126.88802650191388,"카페, 맛집",morning,outdoor,high,F,ISFJ
988,37.52740370372554,126.8611847482423,"취미활동, 카페, 맛집, 스터디",afternoon,indoor,value,M,ESTJ
989,37.426947725771626,127.03630148854124,"스터디, 카페",night,indoor,value,M,ENTJ
990,37.62819840260708,126.9922893825876,"취미활동, 소셜, 스포츠, 문화예술",morning,indoor,medium,F,ENFP
991,37.46400892040989,126.95402027168144,"소셜, 스터디",evening,indoor,value,F,ISFP
992,37.44931780529852,127.12164369842444,"소셜, 맛집, 스포츠, 카페",morning,indoor,value,F,ISFP
993,37.56057582038879,127.08191823997012,"소셜, 취미활동",night,outdoor,value,M,ISFJ
994,37.59765662126805,127.02657747403464,"카페, 스포츠, 취미활동",night,indoor,low,F,INTP
995,37.4421960017701,127.0866527746808,"취미활동, 소셜, 문화예술, 스포츠",night,indoor,low,M,ISFP
996,37.5478022990933,126.93559758806462,"스터디, 카페, 문화예술, 취미활동",evening,outdoor,medium,M,ISTJ
997,37.599984015978286,127.0421374511777,"소셜, 카페, 맛집",evening,outdoor,value,F,ENTJ
998,37.49421320090529,126.98383981985528,"스터디, 맛집",evening,indoor,premium,M,INFJ
999,37.49870171889867,126.95658170831778,"스포츠, 스터디, 카페, 문화예술",morning,indoor,low,F,ISFJ
1000,37.492635697505776,126.9169767218358,"스터디, 문화예술, 스포츠, 카페",night,outdoor,low,M,ENFP
